
*** Running vivado
    with args -log red_pitaya_top.vdi -applog -m64 -product Vivado -messageDb vivado.pb -mode batch -source red_pitaya_top.tcl -notrace



****** Vivado v2020.1 (64-bit)
  **** SW Build 2902540 on Wed May 27 19:54:49 MDT 2020
  **** IP Build 2902112 on Wed May 27 22:43:36 MDT 2020
    ** Copyright 1986-2020 Xilinx, Inc. All Rights Reserved.

source red_pitaya_top.tcl -notrace
Command: link_design -top red_pitaya_top -part xc7z010clg400-1
Design is defaulting to srcset: sources_1
Design is defaulting to constrset: constrs_1
INFO: [Device 21-403] Loading part xc7z010clg400-1
INFO: [Project 1-454] Reading design checkpoint 'd:/RedPitaya-FPGA/prj/quantum_control/project/redpitaya.srcs/sources_1/ip/asg_dat_fifo/asg_dat_fifo.dcp' for cell 'i_asg/chA/inst_axi_dac/inst_asg_dat_fifo'
INFO: [Project 1-454] Reading design checkpoint 'd:/RedPitaya-FPGA/prj/quantum_control/project/redpitaya.srcs/sources_1/ip/sync_fifo/sync_fifo.dcp' for cell 'i_asg/chA/inst_axi_dac/inst_sync_fifo'
INFO: [Project 1-454] Reading design checkpoint 'd:/RedPitaya-FPGA/prj/quantum_control/project/redpitaya.srcs/sources_1/bd/system/ip/system_axi_protocol_converter_0_0/system_axi_protocol_converter_0_0.dcp' for cell 'ps/system_i/axi_protocol_converter_0'
INFO: [Project 1-454] Reading design checkpoint 'd:/RedPitaya-FPGA/prj/quantum_control/project/redpitaya.srcs/sources_1/bd/system/ip/system_axi_register_slice_0_0/system_axi_register_slice_0_0.dcp' for cell 'ps/system_i/axi_register_slice_0'
INFO: [Project 1-454] Reading design checkpoint 'd:/RedPitaya-FPGA/prj/quantum_control/project/redpitaya.srcs/sources_1/bd/system/ip/system_proc_sys_reset_0/system_proc_sys_reset_0.dcp' for cell 'ps/system_i/proc_sys_reset'
INFO: [Project 1-454] Reading design checkpoint 'd:/RedPitaya-FPGA/prj/quantum_control/project/redpitaya.srcs/sources_1/bd/system/ip/system_processing_system7_0/system_processing_system7_0.dcp' for cell 'ps/system_i/processing_system7'
INFO: [Project 1-454] Reading design checkpoint 'd:/RedPitaya-FPGA/prj/quantum_control/project/redpitaya.srcs/sources_1/bd/system/ip/system_xadc_0/system_xadc_0.dcp' for cell 'ps/system_i/xadc'
Netlist sorting complete. Time (s): cpu = 00:00:01 ; elapsed = 00:00:00.933 . Memory (MB): peak = 1012.555 ; gain = 0.000
INFO: [Netlist 29-17] Analyzing 1159 Unisim elements for replacement
INFO: [Netlist 29-28] Unisim Transformation completed in 0 CPU seconds
INFO: [Project 1-479] Netlist was created with Vivado 2020.1
INFO: [Project 1-570] Preparing netlist for logic optimization
Parsing XDC File [d:/RedPitaya-FPGA/prj/quantum_control/project/redpitaya.srcs/sources_1/ip/asg_dat_fifo/asg_dat_fifo.xdc] for cell 'i_asg/chA/inst_axi_dac/inst_asg_dat_fifo/U0'
Finished Parsing XDC File [d:/RedPitaya-FPGA/prj/quantum_control/project/redpitaya.srcs/sources_1/ip/asg_dat_fifo/asg_dat_fifo.xdc] for cell 'i_asg/chA/inst_axi_dac/inst_asg_dat_fifo/U0'
Parsing XDC File [d:/RedPitaya-FPGA/prj/quantum_control/project/redpitaya.srcs/sources_1/ip/asg_dat_fifo/asg_dat_fifo.xdc] for cell 'i_asg/chB/inst_axi_dac/inst_asg_dat_fifo/U0'
Finished Parsing XDC File [d:/RedPitaya-FPGA/prj/quantum_control/project/redpitaya.srcs/sources_1/ip/asg_dat_fifo/asg_dat_fifo.xdc] for cell 'i_asg/chB/inst_axi_dac/inst_asg_dat_fifo/U0'
Parsing XDC File [d:/RedPitaya-FPGA/prj/quantum_control/project/redpitaya.srcs/sources_1/ip/sync_fifo/sync_fifo.xdc] for cell 'i_asg/chA/inst_axi_dac/inst_sync_fifo/U0'
Finished Parsing XDC File [d:/RedPitaya-FPGA/prj/quantum_control/project/redpitaya.srcs/sources_1/ip/sync_fifo/sync_fifo.xdc] for cell 'i_asg/chA/inst_axi_dac/inst_sync_fifo/U0'
Parsing XDC File [d:/RedPitaya-FPGA/prj/quantum_control/project/redpitaya.srcs/sources_1/ip/sync_fifo/sync_fifo.xdc] for cell 'i_asg/chB/inst_axi_dac/inst_sync_fifo/U0'
Finished Parsing XDC File [d:/RedPitaya-FPGA/prj/quantum_control/project/redpitaya.srcs/sources_1/ip/sync_fifo/sync_fifo.xdc] for cell 'i_asg/chB/inst_axi_dac/inst_sync_fifo/U0'
Parsing XDC File [d:/RedPitaya-FPGA/prj/quantum_control/project/redpitaya.srcs/sources_1/bd/system/ip/system_proc_sys_reset_0/system_proc_sys_reset_0_board.xdc] for cell 'ps/system_i/proc_sys_reset/U0'
Finished Parsing XDC File [d:/RedPitaya-FPGA/prj/quantum_control/project/redpitaya.srcs/sources_1/bd/system/ip/system_proc_sys_reset_0/system_proc_sys_reset_0_board.xdc] for cell 'ps/system_i/proc_sys_reset/U0'
Parsing XDC File [d:/RedPitaya-FPGA/prj/quantum_control/project/redpitaya.srcs/sources_1/bd/system/ip/system_proc_sys_reset_0/system_proc_sys_reset_0.xdc] for cell 'ps/system_i/proc_sys_reset/U0'
Finished Parsing XDC File [d:/RedPitaya-FPGA/prj/quantum_control/project/redpitaya.srcs/sources_1/bd/system/ip/system_proc_sys_reset_0/system_proc_sys_reset_0.xdc] for cell 'ps/system_i/proc_sys_reset/U0'
Parsing XDC File [d:/RedPitaya-FPGA/prj/quantum_control/project/redpitaya.srcs/sources_1/bd/system/ip/system_processing_system7_0/system_processing_system7_0.xdc] for cell 'ps/system_i/processing_system7/inst'
Finished Parsing XDC File [d:/RedPitaya-FPGA/prj/quantum_control/project/redpitaya.srcs/sources_1/bd/system/ip/system_processing_system7_0/system_processing_system7_0.xdc] for cell 'ps/system_i/processing_system7/inst'
Parsing XDC File [d:/RedPitaya-FPGA/prj/quantum_control/project/redpitaya.srcs/sources_1/bd/system/ip/system_xadc_0/system_xadc_0.xdc] for cell 'ps/system_i/xadc/inst'
Finished Parsing XDC File [d:/RedPitaya-FPGA/prj/quantum_control/project/redpitaya.srcs/sources_1/bd/system/ip/system_xadc_0/system_xadc_0.xdc] for cell 'ps/system_i/xadc/inst'
Parsing XDC File [D:/RedPitaya-FPGA/prj/quantum_control/project/redpitaya.srcs/constrs_1/imports/RedPitaya-FPGA/sdc/red_pitaya.xdc]
WARNING: [Vivado 12-584] No ports matched 'spad_ttl_ch0'. [D:/RedPitaya-FPGA/prj/quantum_control/project/redpitaya.srcs/constrs_1/imports/RedPitaya-FPGA/sdc/red_pitaya.xdc:196]
CRITICAL WARNING: [Common 17-55] 'set_property' expects at least one object. [D:/RedPitaya-FPGA/prj/quantum_control/project/redpitaya.srcs/constrs_1/imports/RedPitaya-FPGA/sdc/red_pitaya.xdc:196]
Resolution: If [get_<value>] was used to populate the object, check to make sure this command returns at least one valid object.
WARNING: [Vivado 12-584] No ports matched 'spad_ttl_ch1'. [D:/RedPitaya-FPGA/prj/quantum_control/project/redpitaya.srcs/constrs_1/imports/RedPitaya-FPGA/sdc/red_pitaya.xdc:197]
CRITICAL WARNING: [Common 17-55] 'set_property' expects at least one object. [D:/RedPitaya-FPGA/prj/quantum_control/project/redpitaya.srcs/constrs_1/imports/RedPitaya-FPGA/sdc/red_pitaya.xdc:197]
Resolution: If [get_<value>] was used to populate the object, check to make sure this command returns at least one valid object.
WARNING: [Vivado 12-584] No ports matched 'dac_clk_1x'. [D:/RedPitaya-FPGA/prj/quantum_control/project/redpitaya.srcs/constrs_1/imports/RedPitaya-FPGA/sdc/red_pitaya.xdc:871]
CRITICAL WARNING: [Vivado 12-4739] create_clock:No valid object(s) found for '-objects [get_ports dac_clk_1x]'. [D:/RedPitaya-FPGA/prj/quantum_control/project/redpitaya.srcs/constrs_1/imports/RedPitaya-FPGA/sdc/red_pitaya.xdc:871]
Resolution: Check if the specified object(s) exists in the current design. If it does, ensure that the correct design hierarchy was specified for the object. If you are working with clocks, make sure create_clock was used to create the clock object before it is referenced.
WARNING: [Vivado 12-584] No ports matched 'dac_clk_2x'. [D:/RedPitaya-FPGA/prj/quantum_control/project/redpitaya.srcs/constrs_1/imports/RedPitaya-FPGA/sdc/red_pitaya.xdc:872]
CRITICAL WARNING: [Vivado 12-4739] create_clock:No valid object(s) found for '-objects [get_ports dac_clk_2x]'. [D:/RedPitaya-FPGA/prj/quantum_control/project/redpitaya.srcs/constrs_1/imports/RedPitaya-FPGA/sdc/red_pitaya.xdc:872]
Resolution: Check if the specified object(s) exists in the current design. If it does, ensure that the correct design hierarchy was specified for the object. If you are working with clocks, make sure create_clock was used to create the clock object before it is referenced.
WARNING: [Vivado 12-584] No ports matched 'dac_clk_2p'. [D:/RedPitaya-FPGA/prj/quantum_control/project/redpitaya.srcs/constrs_1/imports/RedPitaya-FPGA/sdc/red_pitaya.xdc:873]
CRITICAL WARNING: [Vivado 12-4739] create_clock:No valid object(s) found for '-objects [get_ports dac_clk_2p]'. [D:/RedPitaya-FPGA/prj/quantum_control/project/redpitaya.srcs/constrs_1/imports/RedPitaya-FPGA/sdc/red_pitaya.xdc:873]
Resolution: Check if the specified object(s) exists in the current design. If it does, ensure that the correct design hierarchy was specified for the object. If you are working with clocks, make sure create_clock was used to create the clock object before it is referenced.
INFO: [Timing 38-35] Done setting XDC timing constraints. [D:/RedPitaya-FPGA/prj/quantum_control/project/redpitaya.srcs/constrs_1/imports/RedPitaya-FPGA/sdc/red_pitaya.xdc:876]
INFO: [Timing 38-2] Deriving generated clocks [D:/RedPitaya-FPGA/prj/quantum_control/project/redpitaya.srcs/constrs_1/imports/RedPitaya-FPGA/sdc/red_pitaya.xdc:876]
WARNING: [Vivado 12-627] No clocks matched 'dac_clk_2x'. [D:/RedPitaya-FPGA/prj/quantum_control/project/redpitaya.srcs/constrs_1/imports/RedPitaya-FPGA/sdc/red_pitaya.xdc:876]
INFO: [Vivado 12-626] No clocks found. Please use 'create_clock' or 'create_generated_clock' command to create clocks. [D:/RedPitaya-FPGA/prj/quantum_control/project/redpitaya.srcs/constrs_1/imports/RedPitaya-FPGA/sdc/red_pitaya.xdc:876]
get_clocks: Time (s): cpu = 00:00:26 ; elapsed = 00:00:26 . Memory (MB): peak = 1373.020 ; gain = 360.465
CRITICAL WARNING: [Vivado 12-4739] set_false_path:No valid object(s) found for '-to [get_clocks dac_clk_2x]'. [D:/RedPitaya-FPGA/prj/quantum_control/project/redpitaya.srcs/constrs_1/imports/RedPitaya-FPGA/sdc/red_pitaya.xdc:876]
Resolution: Check if the specified object(s) exists in the current design. If it does, ensure that the correct design hierarchy was specified for the object. If you are working with clocks, make sure create_clock was used to create the clock object before it is referenced.
WARNING: [Vivado 12-627] No clocks matched 'dac_clk_2p'. [D:/RedPitaya-FPGA/prj/quantum_control/project/redpitaya.srcs/constrs_1/imports/RedPitaya-FPGA/sdc/red_pitaya.xdc:877]
INFO: [Vivado 12-626] No clocks found. Please use 'create_clock' or 'create_generated_clock' command to create clocks. [D:/RedPitaya-FPGA/prj/quantum_control/project/redpitaya.srcs/constrs_1/imports/RedPitaya-FPGA/sdc/red_pitaya.xdc:877]
CRITICAL WARNING: [Vivado 12-4739] set_false_path:No valid object(s) found for '-to [get_clocks dac_clk_2p]'. [D:/RedPitaya-FPGA/prj/quantum_control/project/redpitaya.srcs/constrs_1/imports/RedPitaya-FPGA/sdc/red_pitaya.xdc:877]
Resolution: Check if the specified object(s) exists in the current design. If it does, ensure that the correct design hierarchy was specified for the object. If you are working with clocks, make sure create_clock was used to create the clock object before it is referenced.
WARNING: [Vivado 12-627] No clocks matched 'dac_clk_1x'. [D:/RedPitaya-FPGA/prj/quantum_control/project/redpitaya.srcs/constrs_1/imports/RedPitaya-FPGA/sdc/red_pitaya.xdc:883]
INFO: [Vivado 12-626] No clocks found. Please use 'create_clock' or 'create_generated_clock' command to create clocks. [D:/RedPitaya-FPGA/prj/quantum_control/project/redpitaya.srcs/constrs_1/imports/RedPitaya-FPGA/sdc/red_pitaya.xdc:883]
CRITICAL WARNING: [Vivado 12-4739] set_false_path:No valid object(s) found for '-to [get_clocks dac_clk_1x]'. [D:/RedPitaya-FPGA/prj/quantum_control/project/redpitaya.srcs/constrs_1/imports/RedPitaya-FPGA/sdc/red_pitaya.xdc:883]
Resolution: Check if the specified object(s) exists in the current design. If it does, ensure that the correct design hierarchy was specified for the object. If you are working with clocks, make sure create_clock was used to create the clock object before it is referenced.
WARNING: [Vivado 12-627] No clocks matched 'dac_clk_2x'. [D:/RedPitaya-FPGA/prj/quantum_control/project/redpitaya.srcs/constrs_1/imports/RedPitaya-FPGA/sdc/red_pitaya.xdc:884]
INFO: [Vivado 12-626] No clocks found. Please use 'create_clock' or 'create_generated_clock' command to create clocks. [D:/RedPitaya-FPGA/prj/quantum_control/project/redpitaya.srcs/constrs_1/imports/RedPitaya-FPGA/sdc/red_pitaya.xdc:884]
CRITICAL WARNING: [Vivado 12-4739] set_false_path:No valid object(s) found for '-to [get_clocks dac_clk_2x]'. [D:/RedPitaya-FPGA/prj/quantum_control/project/redpitaya.srcs/constrs_1/imports/RedPitaya-FPGA/sdc/red_pitaya.xdc:884]
Resolution: Check if the specified object(s) exists in the current design. If it does, ensure that the correct design hierarchy was specified for the object. If you are working with clocks, make sure create_clock was used to create the clock object before it is referenced.
WARNING: [Vivado 12-627] No clocks matched 'dac_clk_2p'. [D:/RedPitaya-FPGA/prj/quantum_control/project/redpitaya.srcs/constrs_1/imports/RedPitaya-FPGA/sdc/red_pitaya.xdc:885]
INFO: [Vivado 12-626] No clocks found. Please use 'create_clock' or 'create_generated_clock' command to create clocks. [D:/RedPitaya-FPGA/prj/quantum_control/project/redpitaya.srcs/constrs_1/imports/RedPitaya-FPGA/sdc/red_pitaya.xdc:885]
CRITICAL WARNING: [Vivado 12-4739] set_false_path:No valid object(s) found for '-to [get_clocks dac_clk_2p]'. [D:/RedPitaya-FPGA/prj/quantum_control/project/redpitaya.srcs/constrs_1/imports/RedPitaya-FPGA/sdc/red_pitaya.xdc:885]
Resolution: Check if the specified object(s) exists in the current design. If it does, ensure that the correct design hierarchy was specified for the object. If you are working with clocks, make sure create_clock was used to create the clock object before it is referenced.
WARNING: [Vivado 12-627] No clocks matched 'ser_clk'. [D:/RedPitaya-FPGA/prj/quantum_control/project/redpitaya.srcs/constrs_1/imports/RedPitaya-FPGA/sdc/red_pitaya.xdc:886]
INFO: [Vivado 12-626] No clocks found. Please use 'create_clock' or 'create_generated_clock' command to create clocks. [D:/RedPitaya-FPGA/prj/quantum_control/project/redpitaya.srcs/constrs_1/imports/RedPitaya-FPGA/sdc/red_pitaya.xdc:886]
CRITICAL WARNING: [Vivado 12-4739] set_false_path:No valid object(s) found for '-to [get_clocks ser_clk]'. [D:/RedPitaya-FPGA/prj/quantum_control/project/redpitaya.srcs/constrs_1/imports/RedPitaya-FPGA/sdc/red_pitaya.xdc:886]
Resolution: Check if the specified object(s) exists in the current design. If it does, ensure that the correct design hierarchy was specified for the object. If you are working with clocks, make sure create_clock was used to create the clock object before it is referenced.
WARNING: [Vivado 12-627] No clocks matched 'pdm_clk'. [D:/RedPitaya-FPGA/prj/quantum_control/project/redpitaya.srcs/constrs_1/imports/RedPitaya-FPGA/sdc/red_pitaya.xdc:887]
INFO: [Vivado 12-626] No clocks found. Please use 'create_clock' or 'create_generated_clock' command to create clocks. [D:/RedPitaya-FPGA/prj/quantum_control/project/redpitaya.srcs/constrs_1/imports/RedPitaya-FPGA/sdc/red_pitaya.xdc:887]
CRITICAL WARNING: [Vivado 12-4739] set_false_path:No valid object(s) found for '-to [get_clocks pdm_clk]'. [D:/RedPitaya-FPGA/prj/quantum_control/project/redpitaya.srcs/constrs_1/imports/RedPitaya-FPGA/sdc/red_pitaya.xdc:887]
Resolution: Check if the specified object(s) exists in the current design. If it does, ensure that the correct design hierarchy was specified for the object. If you are working with clocks, make sure create_clock was used to create the clock object before it is referenced.
WARNING: [Vivado 12-627] No clocks matched 'dac_clk_2x'. [D:/RedPitaya-FPGA/prj/quantum_control/project/redpitaya.srcs/constrs_1/imports/RedPitaya-FPGA/sdc/red_pitaya.xdc:888]
INFO: [Vivado 12-626] No clocks found. Please use 'create_clock' or 'create_generated_clock' command to create clocks. [D:/RedPitaya-FPGA/prj/quantum_control/project/redpitaya.srcs/constrs_1/imports/RedPitaya-FPGA/sdc/red_pitaya.xdc:888]
CRITICAL WARNING: [Vivado 12-4739] set_false_path:No valid object(s) found for '-to [get_clocks dac_clk_2x]'. [D:/RedPitaya-FPGA/prj/quantum_control/project/redpitaya.srcs/constrs_1/imports/RedPitaya-FPGA/sdc/red_pitaya.xdc:888]
Resolution: Check if the specified object(s) exists in the current design. If it does, ensure that the correct design hierarchy was specified for the object. If you are working with clocks, make sure create_clock was used to create the clock object before it is referenced.
WARNING: [Vivado 12-627] No clocks matched 'dac_clk_2p'. [D:/RedPitaya-FPGA/prj/quantum_control/project/redpitaya.srcs/constrs_1/imports/RedPitaya-FPGA/sdc/red_pitaya.xdc:889]
INFO: [Vivado 12-626] No clocks found. Please use 'create_clock' or 'create_generated_clock' command to create clocks. [D:/RedPitaya-FPGA/prj/quantum_control/project/redpitaya.srcs/constrs_1/imports/RedPitaya-FPGA/sdc/red_pitaya.xdc:889]
CRITICAL WARNING: [Vivado 12-4739] set_false_path:No valid object(s) found for '-to [get_clocks dac_clk_2p]'. [D:/RedPitaya-FPGA/prj/quantum_control/project/redpitaya.srcs/constrs_1/imports/RedPitaya-FPGA/sdc/red_pitaya.xdc:889]
Resolution: Check if the specified object(s) exists in the current design. If it does, ensure that the correct design hierarchy was specified for the object. If you are working with clocks, make sure create_clock was used to create the clock object before it is referenced.
Finished Parsing XDC File [D:/RedPitaya-FPGA/prj/quantum_control/project/redpitaya.srcs/constrs_1/imports/RedPitaya-FPGA/sdc/red_pitaya.xdc]
Parsing XDC File [D:/RedPitaya-FPGA/prj/quantum_control/project/redpitaya.srcs/constrs_1/imports/RedPitaya-FPGA/prj/v0.94/sdc/red_pitaya.xdc]
WARNING: [Vivado 12-180] No cells matched 'i_ams/XADC_inst'. [D:/RedPitaya-FPGA/prj/quantum_control/project/redpitaya.srcs/constrs_1/imports/RedPitaya-FPGA/prj/v0.94/sdc/red_pitaya.xdc:1]
CRITICAL WARNING: [Common 17-55] 'set_property' expects at least one object. [D:/RedPitaya-FPGA/prj/quantum_control/project/redpitaya.srcs/constrs_1/imports/RedPitaya-FPGA/prj/v0.94/sdc/red_pitaya.xdc:1]
Resolution: If [get_<value>] was used to populate the object, check to make sure this command returns at least one valid object.
WARNING: [Vivado 12-584] No ports matched 'exp_p_io[8]'. [D:/RedPitaya-FPGA/prj/quantum_control/project/redpitaya.srcs/constrs_1/imports/RedPitaya-FPGA/prj/v0.94/sdc/red_pitaya.xdc:18]
CRITICAL WARNING: [Common 17-55] 'set_property' expects at least one object. [D:/RedPitaya-FPGA/prj/quantum_control/project/redpitaya.srcs/constrs_1/imports/RedPitaya-FPGA/prj/v0.94/sdc/red_pitaya.xdc:18]
Resolution: If [get_<value>] was used to populate the object, check to make sure this command returns at least one valid object.
WARNING: [Vivado 12-584] No ports matched 'exp_n_io[8]'. [D:/RedPitaya-FPGA/prj/quantum_control/project/redpitaya.srcs/constrs_1/imports/RedPitaya-FPGA/prj/v0.94/sdc/red_pitaya.xdc:19]
CRITICAL WARNING: [Common 17-55] 'set_property' expects at least one object. [D:/RedPitaya-FPGA/prj/quantum_control/project/redpitaya.srcs/constrs_1/imports/RedPitaya-FPGA/prj/v0.94/sdc/red_pitaya.xdc:19]
Resolution: If [get_<value>] was used to populate the object, check to make sure this command returns at least one valid object.
WARNING: [Vivado 12-584] No ports matched 'exp_p_io[9]'. [D:/RedPitaya-FPGA/prj/quantum_control/project/redpitaya.srcs/constrs_1/imports/RedPitaya-FPGA/prj/v0.94/sdc/red_pitaya.xdc:20]
CRITICAL WARNING: [Common 17-55] 'set_property' expects at least one object. [D:/RedPitaya-FPGA/prj/quantum_control/project/redpitaya.srcs/constrs_1/imports/RedPitaya-FPGA/prj/v0.94/sdc/red_pitaya.xdc:20]
Resolution: If [get_<value>] was used to populate the object, check to make sure this command returns at least one valid object.
WARNING: [Vivado 12-584] No ports matched 'exp_n_io[9]'. [D:/RedPitaya-FPGA/prj/quantum_control/project/redpitaya.srcs/constrs_1/imports/RedPitaya-FPGA/prj/v0.94/sdc/red_pitaya.xdc:21]
CRITICAL WARNING: [Common 17-55] 'set_property' expects at least one object. [D:/RedPitaya-FPGA/prj/quantum_control/project/redpitaya.srcs/constrs_1/imports/RedPitaya-FPGA/prj/v0.94/sdc/red_pitaya.xdc:21]
Resolution: If [get_<value>] was used to populate the object, check to make sure this command returns at least one valid object.
WARNING: [Vivado 12-584] No ports matched 'exp_p_io[10]'. [D:/RedPitaya-FPGA/prj/quantum_control/project/redpitaya.srcs/constrs_1/imports/RedPitaya-FPGA/prj/v0.94/sdc/red_pitaya.xdc:22]
CRITICAL WARNING: [Common 17-55] 'set_property' expects at least one object. [D:/RedPitaya-FPGA/prj/quantum_control/project/redpitaya.srcs/constrs_1/imports/RedPitaya-FPGA/prj/v0.94/sdc/red_pitaya.xdc:22]
Resolution: If [get_<value>] was used to populate the object, check to make sure this command returns at least one valid object.
WARNING: [Vivado 12-584] No ports matched 'exp_n_io[10]'. [D:/RedPitaya-FPGA/prj/quantum_control/project/redpitaya.srcs/constrs_1/imports/RedPitaya-FPGA/prj/v0.94/sdc/red_pitaya.xdc:23]
CRITICAL WARNING: [Common 17-55] 'set_property' expects at least one object. [D:/RedPitaya-FPGA/prj/quantum_control/project/redpitaya.srcs/constrs_1/imports/RedPitaya-FPGA/prj/v0.94/sdc/red_pitaya.xdc:23]
Resolution: If [get_<value>] was used to populate the object, check to make sure this command returns at least one valid object.
WARNING: [Vivado 12-508] No pins matched 'spi_done_csff*/D'. [D:/RedPitaya-FPGA/prj/quantum_control/project/redpitaya.srcs/constrs_1/imports/RedPitaya-FPGA/prj/v0.94/sdc/red_pitaya.xdc:66]
CRITICAL WARNING: [Vivado 12-4739] set_false_path:No valid object(s) found for '-to [get_pins spi_done_csff*/D]'. [D:/RedPitaya-FPGA/prj/quantum_control/project/redpitaya.srcs/constrs_1/imports/RedPitaya-FPGA/prj/v0.94/sdc/red_pitaya.xdc:66]
Resolution: Check if the specified object(s) exists in the current design. If it does, ensure that the correct design hierarchy was specified for the object. If you are working with clocks, make sure create_clock was used to create the clock object before it is referenced.
WARNING: [Vivado 12-508] No pins matched 'sys_bus_interconnect/for_bus[*].inst_sys_bus_cdc/reg_rdata*[*]*/C'. [D:/RedPitaya-FPGA/prj/quantum_control/project/redpitaya.srcs/constrs_1/imports/RedPitaya-FPGA/prj/v0.94/sdc/red_pitaya.xdc:71]
CRITICAL WARNING: [Vivado 12-4739] set_false_path:No valid object(s) found for '-from [get_pins {sys_bus_interconnect/for_bus[*].inst_sys_bus_cdc/reg_rdata*[*]*/C}]'. [D:/RedPitaya-FPGA/prj/quantum_control/project/redpitaya.srcs/constrs_1/imports/RedPitaya-FPGA/prj/v0.94/sdc/red_pitaya.xdc:71]
Resolution: Check if the specified object(s) exists in the current design. If it does, ensure that the correct design hierarchy was specified for the object. If you are working with clocks, make sure create_clock was used to create the clock object before it is referenced.
WARNING: [Vivado 12-508] No pins matched 'i_adc366x/adc_dat_o*[*]/C'. [D:/RedPitaya-FPGA/prj/quantum_control/project/redpitaya.srcs/constrs_1/imports/RedPitaya-FPGA/prj/v0.94/sdc/red_pitaya.xdc:74]
CRITICAL WARNING: [Vivado 12-4739] set_false_path:No valid object(s) found for '-from [get_pins {i_adc366x/adc_dat_o*[*]/C}]'. [D:/RedPitaya-FPGA/prj/quantum_control/project/redpitaya.srcs/constrs_1/imports/RedPitaya-FPGA/prj/v0.94/sdc/red_pitaya.xdc:74]
Resolution: Check if the specified object(s) exists in the current design. If it does, ensure that the correct design hierarchy was specified for the object. If you are working with clocks, make sure create_clock was used to create the clock object before it is referenced.
Finished Parsing XDC File [D:/RedPitaya-FPGA/prj/quantum_control/project/redpitaya.srcs/constrs_1/imports/RedPitaya-FPGA/prj/v0.94/sdc/red_pitaya.xdc]
INFO: [Project 1-538] Using original IP XDC constraints instead of the XDC constraints in dcp 'd:/RedPitaya-FPGA/prj/quantum_control/project/redpitaya.srcs/sources_1/ip/asg_dat_fifo/asg_dat_fifo.dcp'
INFO: [Project 1-538] Using original IP XDC constraints instead of the XDC constraints in dcp 'd:/RedPitaya-FPGA/prj/quantum_control/project/redpitaya.srcs/sources_1/ip/asg_dat_fifo/asg_dat_fifo.dcp'
INFO: [Project 1-538] Using original IP XDC constraints instead of the XDC constraints in dcp 'd:/RedPitaya-FPGA/prj/quantum_control/project/redpitaya.srcs/sources_1/ip/sync_fifo/sync_fifo.dcp'
INFO: [Project 1-538] Using original IP XDC constraints instead of the XDC constraints in dcp 'd:/RedPitaya-FPGA/prj/quantum_control/project/redpitaya.srcs/sources_1/ip/sync_fifo/sync_fifo.dcp'
Parsing XDC File [d:/RedPitaya-FPGA/prj/quantum_control/project/redpitaya.srcs/sources_1/ip/asg_dat_fifo/asg_dat_fifo_clocks.xdc] for cell 'i_asg/chA/inst_axi_dac/inst_asg_dat_fifo/U0'
Finished Parsing XDC File [d:/RedPitaya-FPGA/prj/quantum_control/project/redpitaya.srcs/sources_1/ip/asg_dat_fifo/asg_dat_fifo_clocks.xdc] for cell 'i_asg/chA/inst_axi_dac/inst_asg_dat_fifo/U0'
Parsing XDC File [d:/RedPitaya-FPGA/prj/quantum_control/project/redpitaya.srcs/sources_1/ip/asg_dat_fifo/asg_dat_fifo_clocks.xdc] for cell 'i_asg/chB/inst_axi_dac/inst_asg_dat_fifo/U0'
Finished Parsing XDC File [d:/RedPitaya-FPGA/prj/quantum_control/project/redpitaya.srcs/sources_1/ip/asg_dat_fifo/asg_dat_fifo_clocks.xdc] for cell 'i_asg/chB/inst_axi_dac/inst_asg_dat_fifo/U0'
Parsing XDC File [d:/RedPitaya-FPGA/prj/quantum_control/project/redpitaya.srcs/sources_1/ip/sync_fifo/sync_fifo_clocks.xdc] for cell 'i_asg/chA/inst_axi_dac/inst_sync_fifo/U0'
Finished Parsing XDC File [d:/RedPitaya-FPGA/prj/quantum_control/project/redpitaya.srcs/sources_1/ip/sync_fifo/sync_fifo_clocks.xdc] for cell 'i_asg/chA/inst_axi_dac/inst_sync_fifo/U0'
Parsing XDC File [d:/RedPitaya-FPGA/prj/quantum_control/project/redpitaya.srcs/sources_1/ip/sync_fifo/sync_fifo_clocks.xdc] for cell 'i_asg/chB/inst_axi_dac/inst_sync_fifo/U0'
Finished Parsing XDC File [d:/RedPitaya-FPGA/prj/quantum_control/project/redpitaya.srcs/sources_1/ip/sync_fifo/sync_fifo_clocks.xdc] for cell 'i_asg/chB/inst_axi_dac/inst_sync_fifo/U0'
Parsing XDC File [d:/RedPitaya-FPGA/prj/quantum_control/project/redpitaya.srcs/sources_1/bd/system/ip/system_axi_register_slice_0_0/system_axi_register_slice_0_0_clocks.xdc] for cell 'ps/system_i/axi_register_slice_0/inst'
WARNING: [Vivado 12-180] No cells matched '.*15.*_multi/.*/common.srl_fifo_0/asyncclear_.*'. [d:/RedPitaya-FPGA/prj/quantum_control/project/redpitaya.srcs/sources_1/bd/system/ip/system_axi_register_slice_0_0/system_axi_register_slice_0_0_clocks.xdc:10]
WARNING: [Vivado 12-508] No pins matched 'get_pins -filter REF_PIN_NAME=~CLR -of_objects [get_cells -hierarchical -regexp .*15.*_multi/.*/common.srl_fifo_0/asyncclear_.*]'. [d:/RedPitaya-FPGA/prj/quantum_control/project/redpitaya.srcs/sources_1/bd/system/ip/system_axi_register_slice_0_0/system_axi_register_slice_0_0_clocks.xdc:10]
WARNING: [Vivado_Tcl 4-921] Waiver ID 'CDC-7' -to list should not be empty. [d:/RedPitaya-FPGA/prj/quantum_control/project/redpitaya.srcs/sources_1/bd/system/ip/system_axi_register_slice_0_0/system_axi_register_slice_0_0_clocks.xdc:10]
Finished Parsing XDC File [d:/RedPitaya-FPGA/prj/quantum_control/project/redpitaya.srcs/sources_1/bd/system/ip/system_axi_register_slice_0_0/system_axi_register_slice_0_0_clocks.xdc] for cell 'ps/system_i/axi_register_slice_0/inst'
Sourcing Tcl File [D:/Xilinx_Unified_2020.1_0602_1208/Vivado/2020.1/data/ip/xpm/xpm_cdc/tcl/xpm_cdc_gray.tcl] for cell 'i_asg/chA/inst_axi_dac/inst_asg_dat_fifo/U0/inst_fifo_gen/gconvfifo.rf/grf.rf/gntv_or_sync_fifo.gcx.clkx/rd_pntr_cdc_inst'
Finished Sourcing Tcl File [D:/Xilinx_Unified_2020.1_0602_1208/Vivado/2020.1/data/ip/xpm/xpm_cdc/tcl/xpm_cdc_gray.tcl] for cell 'i_asg/chA/inst_axi_dac/inst_asg_dat_fifo/U0/inst_fifo_gen/gconvfifo.rf/grf.rf/gntv_or_sync_fifo.gcx.clkx/rd_pntr_cdc_inst'
Sourcing Tcl File [D:/Xilinx_Unified_2020.1_0602_1208/Vivado/2020.1/data/ip/xpm/xpm_cdc/tcl/xpm_cdc_gray.tcl] for cell 'i_asg/chB/inst_axi_dac/inst_asg_dat_fifo/U0/inst_fifo_gen/gconvfifo.rf/grf.rf/gntv_or_sync_fifo.gcx.clkx/rd_pntr_cdc_inst'
Finished Sourcing Tcl File [D:/Xilinx_Unified_2020.1_0602_1208/Vivado/2020.1/data/ip/xpm/xpm_cdc/tcl/xpm_cdc_gray.tcl] for cell 'i_asg/chB/inst_axi_dac/inst_asg_dat_fifo/U0/inst_fifo_gen/gconvfifo.rf/grf.rf/gntv_or_sync_fifo.gcx.clkx/rd_pntr_cdc_inst'
Sourcing Tcl File [D:/Xilinx_Unified_2020.1_0602_1208/Vivado/2020.1/data/ip/xpm/xpm_cdc/tcl/xpm_cdc_gray.tcl] for cell 'i_asg/chA/inst_axi_dac/inst_asg_dat_fifo/U0/inst_fifo_gen/gconvfifo.rf/grf.rf/gntv_or_sync_fifo.gcx.clkx/wr_pntr_cdc_inst'
Finished Sourcing Tcl File [D:/Xilinx_Unified_2020.1_0602_1208/Vivado/2020.1/data/ip/xpm/xpm_cdc/tcl/xpm_cdc_gray.tcl] for cell 'i_asg/chA/inst_axi_dac/inst_asg_dat_fifo/U0/inst_fifo_gen/gconvfifo.rf/grf.rf/gntv_or_sync_fifo.gcx.clkx/wr_pntr_cdc_inst'
Sourcing Tcl File [D:/Xilinx_Unified_2020.1_0602_1208/Vivado/2020.1/data/ip/xpm/xpm_cdc/tcl/xpm_cdc_gray.tcl] for cell 'i_asg/chB/inst_axi_dac/inst_asg_dat_fifo/U0/inst_fifo_gen/gconvfifo.rf/grf.rf/gntv_or_sync_fifo.gcx.clkx/wr_pntr_cdc_inst'
Finished Sourcing Tcl File [D:/Xilinx_Unified_2020.1_0602_1208/Vivado/2020.1/data/ip/xpm/xpm_cdc/tcl/xpm_cdc_gray.tcl] for cell 'i_asg/chB/inst_axi_dac/inst_asg_dat_fifo/U0/inst_fifo_gen/gconvfifo.rf/grf.rf/gntv_or_sync_fifo.gcx.clkx/wr_pntr_cdc_inst'
Sourcing Tcl File [D:/Xilinx_Unified_2020.1_0602_1208/Vivado/2020.1/data/ip/xpm/xpm_cdc/tcl/xpm_cdc_gray.tcl] for cell 'i_asg/chA/inst_axi_dac/inst_sync_fifo/U0/inst_fifo_gen/gconvfifo.rf/grf.rf/gntv_or_sync_fifo.gcx.clkx/rd_pntr_cdc_inst'
Finished Sourcing Tcl File [D:/Xilinx_Unified_2020.1_0602_1208/Vivado/2020.1/data/ip/xpm/xpm_cdc/tcl/xpm_cdc_gray.tcl] for cell 'i_asg/chA/inst_axi_dac/inst_sync_fifo/U0/inst_fifo_gen/gconvfifo.rf/grf.rf/gntv_or_sync_fifo.gcx.clkx/rd_pntr_cdc_inst'
Sourcing Tcl File [D:/Xilinx_Unified_2020.1_0602_1208/Vivado/2020.1/data/ip/xpm/xpm_cdc/tcl/xpm_cdc_gray.tcl] for cell 'i_asg/chB/inst_axi_dac/inst_sync_fifo/U0/inst_fifo_gen/gconvfifo.rf/grf.rf/gntv_or_sync_fifo.gcx.clkx/rd_pntr_cdc_inst'
Finished Sourcing Tcl File [D:/Xilinx_Unified_2020.1_0602_1208/Vivado/2020.1/data/ip/xpm/xpm_cdc/tcl/xpm_cdc_gray.tcl] for cell 'i_asg/chB/inst_axi_dac/inst_sync_fifo/U0/inst_fifo_gen/gconvfifo.rf/grf.rf/gntv_or_sync_fifo.gcx.clkx/rd_pntr_cdc_inst'
Sourcing Tcl File [D:/Xilinx_Unified_2020.1_0602_1208/Vivado/2020.1/data/ip/xpm/xpm_cdc/tcl/xpm_cdc_gray.tcl] for cell 'i_asg/chA/inst_axi_dac/inst_sync_fifo/U0/inst_fifo_gen/gconvfifo.rf/grf.rf/gntv_or_sync_fifo.gcx.clkx/wr_pntr_cdc_inst'
Finished Sourcing Tcl File [D:/Xilinx_Unified_2020.1_0602_1208/Vivado/2020.1/data/ip/xpm/xpm_cdc/tcl/xpm_cdc_gray.tcl] for cell 'i_asg/chA/inst_axi_dac/inst_sync_fifo/U0/inst_fifo_gen/gconvfifo.rf/grf.rf/gntv_or_sync_fifo.gcx.clkx/wr_pntr_cdc_inst'
Sourcing Tcl File [D:/Xilinx_Unified_2020.1_0602_1208/Vivado/2020.1/data/ip/xpm/xpm_cdc/tcl/xpm_cdc_gray.tcl] for cell 'i_asg/chB/inst_axi_dac/inst_sync_fifo/U0/inst_fifo_gen/gconvfifo.rf/grf.rf/gntv_or_sync_fifo.gcx.clkx/wr_pntr_cdc_inst'
Finished Sourcing Tcl File [D:/Xilinx_Unified_2020.1_0602_1208/Vivado/2020.1/data/ip/xpm/xpm_cdc/tcl/xpm_cdc_gray.tcl] for cell 'i_asg/chB/inst_axi_dac/inst_sync_fifo/U0/inst_fifo_gen/gconvfifo.rf/grf.rf/gntv_or_sync_fifo.gcx.clkx/wr_pntr_cdc_inst'
Sourcing Tcl File [D:/Xilinx_Unified_2020.1_0602_1208/Vivado/2020.1/data/ip/xpm/xpm_cdc/tcl/xpm_cdc_single.tcl] for cell 'i_asg/chA/inst_axi_dac/inst_asg_dat_fifo/U0/inst_fifo_gen/gconvfifo.rf/grf.rf/rstblk/ngwrdrst.grst.g7serrst.gsckt_wrst.gic_rst.xpm_cdc_single_inst_rrst_wr'
Finished Sourcing Tcl File [D:/Xilinx_Unified_2020.1_0602_1208/Vivado/2020.1/data/ip/xpm/xpm_cdc/tcl/xpm_cdc_single.tcl] for cell 'i_asg/chA/inst_axi_dac/inst_asg_dat_fifo/U0/inst_fifo_gen/gconvfifo.rf/grf.rf/rstblk/ngwrdrst.grst.g7serrst.gsckt_wrst.gic_rst.xpm_cdc_single_inst_rrst_wr'
Sourcing Tcl File [D:/Xilinx_Unified_2020.1_0602_1208/Vivado/2020.1/data/ip/xpm/xpm_cdc/tcl/xpm_cdc_single.tcl] for cell 'i_asg/chB/inst_axi_dac/inst_asg_dat_fifo/U0/inst_fifo_gen/gconvfifo.rf/grf.rf/rstblk/ngwrdrst.grst.g7serrst.gsckt_wrst.gic_rst.xpm_cdc_single_inst_rrst_wr'
Finished Sourcing Tcl File [D:/Xilinx_Unified_2020.1_0602_1208/Vivado/2020.1/data/ip/xpm/xpm_cdc/tcl/xpm_cdc_single.tcl] for cell 'i_asg/chB/inst_axi_dac/inst_asg_dat_fifo/U0/inst_fifo_gen/gconvfifo.rf/grf.rf/rstblk/ngwrdrst.grst.g7serrst.gsckt_wrst.gic_rst.xpm_cdc_single_inst_rrst_wr'
Sourcing Tcl File [D:/Xilinx_Unified_2020.1_0602_1208/Vivado/2020.1/data/ip/xpm/xpm_cdc/tcl/xpm_cdc_single.tcl] for cell 'i_asg/chA/inst_axi_dac/inst_asg_dat_fifo/U0/inst_fifo_gen/gconvfifo.rf/grf.rf/rstblk/ngwrdrst.grst.g7serrst.gsckt_wrst.gic_rst.xpm_cdc_single_inst_wrst_rd'
Finished Sourcing Tcl File [D:/Xilinx_Unified_2020.1_0602_1208/Vivado/2020.1/data/ip/xpm/xpm_cdc/tcl/xpm_cdc_single.tcl] for cell 'i_asg/chA/inst_axi_dac/inst_asg_dat_fifo/U0/inst_fifo_gen/gconvfifo.rf/grf.rf/rstblk/ngwrdrst.grst.g7serrst.gsckt_wrst.gic_rst.xpm_cdc_single_inst_wrst_rd'
Sourcing Tcl File [D:/Xilinx_Unified_2020.1_0602_1208/Vivado/2020.1/data/ip/xpm/xpm_cdc/tcl/xpm_cdc_single.tcl] for cell 'i_asg/chB/inst_axi_dac/inst_asg_dat_fifo/U0/inst_fifo_gen/gconvfifo.rf/grf.rf/rstblk/ngwrdrst.grst.g7serrst.gsckt_wrst.gic_rst.xpm_cdc_single_inst_wrst_rd'
Finished Sourcing Tcl File [D:/Xilinx_Unified_2020.1_0602_1208/Vivado/2020.1/data/ip/xpm/xpm_cdc/tcl/xpm_cdc_single.tcl] for cell 'i_asg/chB/inst_axi_dac/inst_asg_dat_fifo/U0/inst_fifo_gen/gconvfifo.rf/grf.rf/rstblk/ngwrdrst.grst.g7serrst.gsckt_wrst.gic_rst.xpm_cdc_single_inst_wrst_rd'
Sourcing Tcl File [D:/Xilinx_Unified_2020.1_0602_1208/Vivado/2020.1/data/ip/xpm/xpm_cdc/tcl/xpm_cdc_single.tcl] for cell 'i_asg/chA/inst_axi_dac/inst_sync_fifo/U0/inst_fifo_gen/gconvfifo.rf/grf.rf/rstblk/ngwrdrst.grst.g7serrst.gsckt_wrst.gic_rst.xpm_cdc_single_inst_rrst_wr'
Finished Sourcing Tcl File [D:/Xilinx_Unified_2020.1_0602_1208/Vivado/2020.1/data/ip/xpm/xpm_cdc/tcl/xpm_cdc_single.tcl] for cell 'i_asg/chA/inst_axi_dac/inst_sync_fifo/U0/inst_fifo_gen/gconvfifo.rf/grf.rf/rstblk/ngwrdrst.grst.g7serrst.gsckt_wrst.gic_rst.xpm_cdc_single_inst_rrst_wr'
Sourcing Tcl File [D:/Xilinx_Unified_2020.1_0602_1208/Vivado/2020.1/data/ip/xpm/xpm_cdc/tcl/xpm_cdc_single.tcl] for cell 'i_asg/chB/inst_axi_dac/inst_sync_fifo/U0/inst_fifo_gen/gconvfifo.rf/grf.rf/rstblk/ngwrdrst.grst.g7serrst.gsckt_wrst.gic_rst.xpm_cdc_single_inst_rrst_wr'
Finished Sourcing Tcl File [D:/Xilinx_Unified_2020.1_0602_1208/Vivado/2020.1/data/ip/xpm/xpm_cdc/tcl/xpm_cdc_single.tcl] for cell 'i_asg/chB/inst_axi_dac/inst_sync_fifo/U0/inst_fifo_gen/gconvfifo.rf/grf.rf/rstblk/ngwrdrst.grst.g7serrst.gsckt_wrst.gic_rst.xpm_cdc_single_inst_rrst_wr'
Sourcing Tcl File [D:/Xilinx_Unified_2020.1_0602_1208/Vivado/2020.1/data/ip/xpm/xpm_cdc/tcl/xpm_cdc_single.tcl] for cell 'i_asg/chA/inst_axi_dac/inst_sync_fifo/U0/inst_fifo_gen/gconvfifo.rf/grf.rf/rstblk/ngwrdrst.grst.g7serrst.gsckt_wrst.gic_rst.xpm_cdc_single_inst_wrst_rd'
Finished Sourcing Tcl File [D:/Xilinx_Unified_2020.1_0602_1208/Vivado/2020.1/data/ip/xpm/xpm_cdc/tcl/xpm_cdc_single.tcl] for cell 'i_asg/chA/inst_axi_dac/inst_sync_fifo/U0/inst_fifo_gen/gconvfifo.rf/grf.rf/rstblk/ngwrdrst.grst.g7serrst.gsckt_wrst.gic_rst.xpm_cdc_single_inst_wrst_rd'
Sourcing Tcl File [D:/Xilinx_Unified_2020.1_0602_1208/Vivado/2020.1/data/ip/xpm/xpm_cdc/tcl/xpm_cdc_single.tcl] for cell 'i_asg/chB/inst_axi_dac/inst_sync_fifo/U0/inst_fifo_gen/gconvfifo.rf/grf.rf/rstblk/ngwrdrst.grst.g7serrst.gsckt_wrst.gic_rst.xpm_cdc_single_inst_wrst_rd'
Finished Sourcing Tcl File [D:/Xilinx_Unified_2020.1_0602_1208/Vivado/2020.1/data/ip/xpm/xpm_cdc/tcl/xpm_cdc_single.tcl] for cell 'i_asg/chB/inst_axi_dac/inst_sync_fifo/U0/inst_fifo_gen/gconvfifo.rf/grf.rf/rstblk/ngwrdrst.grst.g7serrst.gsckt_wrst.gic_rst.xpm_cdc_single_inst_wrst_rd'
Sourcing Tcl File [D:/Xilinx_Unified_2020.1_0602_1208/Vivado/2020.1/data/ip/xpm/xpm_cdc/tcl/xpm_cdc_sync_rst.tcl] for cell 'i_asg/chA/inst_axi_dac/inst_asg_dat_fifo/U0/inst_fifo_gen/gconvfifo.rf/grf.rf/rstblk/ngwrdrst.grst.g7serrst.gsckt_wrst.gic_rst.xpm_cdc_sync_rst_inst_wrst'
Finished Sourcing Tcl File [D:/Xilinx_Unified_2020.1_0602_1208/Vivado/2020.1/data/ip/xpm/xpm_cdc/tcl/xpm_cdc_sync_rst.tcl] for cell 'i_asg/chA/inst_axi_dac/inst_asg_dat_fifo/U0/inst_fifo_gen/gconvfifo.rf/grf.rf/rstblk/ngwrdrst.grst.g7serrst.gsckt_wrst.gic_rst.xpm_cdc_sync_rst_inst_wrst'
Sourcing Tcl File [D:/Xilinx_Unified_2020.1_0602_1208/Vivado/2020.1/data/ip/xpm/xpm_cdc/tcl/xpm_cdc_sync_rst.tcl] for cell 'i_asg/chB/inst_axi_dac/inst_asg_dat_fifo/U0/inst_fifo_gen/gconvfifo.rf/grf.rf/rstblk/ngwrdrst.grst.g7serrst.gsckt_wrst.gic_rst.xpm_cdc_sync_rst_inst_wrst'
Finished Sourcing Tcl File [D:/Xilinx_Unified_2020.1_0602_1208/Vivado/2020.1/data/ip/xpm/xpm_cdc/tcl/xpm_cdc_sync_rst.tcl] for cell 'i_asg/chB/inst_axi_dac/inst_asg_dat_fifo/U0/inst_fifo_gen/gconvfifo.rf/grf.rf/rstblk/ngwrdrst.grst.g7serrst.gsckt_wrst.gic_rst.xpm_cdc_sync_rst_inst_wrst'
Sourcing Tcl File [D:/Xilinx_Unified_2020.1_0602_1208/Vivado/2020.1/data/ip/xpm/xpm_cdc/tcl/xpm_cdc_sync_rst.tcl] for cell 'i_asg/chA/inst_axi_dac/inst_asg_dat_fifo/U0/inst_fifo_gen/gconvfifo.rf/grf.rf/rstblk/ngwrdrst.grst.g7serrst.gsckt_wrst.xpm_cdc_sync_rst_inst_wrst'
Finished Sourcing Tcl File [D:/Xilinx_Unified_2020.1_0602_1208/Vivado/2020.1/data/ip/xpm/xpm_cdc/tcl/xpm_cdc_sync_rst.tcl] for cell 'i_asg/chA/inst_axi_dac/inst_asg_dat_fifo/U0/inst_fifo_gen/gconvfifo.rf/grf.rf/rstblk/ngwrdrst.grst.g7serrst.gsckt_wrst.xpm_cdc_sync_rst_inst_wrst'
Sourcing Tcl File [D:/Xilinx_Unified_2020.1_0602_1208/Vivado/2020.1/data/ip/xpm/xpm_cdc/tcl/xpm_cdc_sync_rst.tcl] for cell 'i_asg/chB/inst_axi_dac/inst_asg_dat_fifo/U0/inst_fifo_gen/gconvfifo.rf/grf.rf/rstblk/ngwrdrst.grst.g7serrst.gsckt_wrst.xpm_cdc_sync_rst_inst_wrst'
Finished Sourcing Tcl File [D:/Xilinx_Unified_2020.1_0602_1208/Vivado/2020.1/data/ip/xpm/xpm_cdc/tcl/xpm_cdc_sync_rst.tcl] for cell 'i_asg/chB/inst_axi_dac/inst_asg_dat_fifo/U0/inst_fifo_gen/gconvfifo.rf/grf.rf/rstblk/ngwrdrst.grst.g7serrst.gsckt_wrst.xpm_cdc_sync_rst_inst_wrst'
Sourcing Tcl File [D:/Xilinx_Unified_2020.1_0602_1208/Vivado/2020.1/data/ip/xpm/xpm_cdc/tcl/xpm_cdc_sync_rst.tcl] for cell 'i_asg/chA/inst_axi_dac/inst_sync_fifo/U0/inst_fifo_gen/gconvfifo.rf/grf.rf/rstblk/ngwrdrst.grst.g7serrst.gsckt_wrst.gic_rst.xpm_cdc_sync_rst_inst_wrst'
Finished Sourcing Tcl File [D:/Xilinx_Unified_2020.1_0602_1208/Vivado/2020.1/data/ip/xpm/xpm_cdc/tcl/xpm_cdc_sync_rst.tcl] for cell 'i_asg/chA/inst_axi_dac/inst_sync_fifo/U0/inst_fifo_gen/gconvfifo.rf/grf.rf/rstblk/ngwrdrst.grst.g7serrst.gsckt_wrst.gic_rst.xpm_cdc_sync_rst_inst_wrst'
Sourcing Tcl File [D:/Xilinx_Unified_2020.1_0602_1208/Vivado/2020.1/data/ip/xpm/xpm_cdc/tcl/xpm_cdc_sync_rst.tcl] for cell 'i_asg/chB/inst_axi_dac/inst_sync_fifo/U0/inst_fifo_gen/gconvfifo.rf/grf.rf/rstblk/ngwrdrst.grst.g7serrst.gsckt_wrst.gic_rst.xpm_cdc_sync_rst_inst_wrst'
Finished Sourcing Tcl File [D:/Xilinx_Unified_2020.1_0602_1208/Vivado/2020.1/data/ip/xpm/xpm_cdc/tcl/xpm_cdc_sync_rst.tcl] for cell 'i_asg/chB/inst_axi_dac/inst_sync_fifo/U0/inst_fifo_gen/gconvfifo.rf/grf.rf/rstblk/ngwrdrst.grst.g7serrst.gsckt_wrst.gic_rst.xpm_cdc_sync_rst_inst_wrst'
Sourcing Tcl File [D:/Xilinx_Unified_2020.1_0602_1208/Vivado/2020.1/data/ip/xpm/xpm_cdc/tcl/xpm_cdc_sync_rst.tcl] for cell 'i_asg/chA/inst_axi_dac/inst_sync_fifo/U0/inst_fifo_gen/gconvfifo.rf/grf.rf/rstblk/ngwrdrst.grst.g7serrst.gsckt_wrst.xpm_cdc_sync_rst_inst_wrst'
Finished Sourcing Tcl File [D:/Xilinx_Unified_2020.1_0602_1208/Vivado/2020.1/data/ip/xpm/xpm_cdc/tcl/xpm_cdc_sync_rst.tcl] for cell 'i_asg/chA/inst_axi_dac/inst_sync_fifo/U0/inst_fifo_gen/gconvfifo.rf/grf.rf/rstblk/ngwrdrst.grst.g7serrst.gsckt_wrst.xpm_cdc_sync_rst_inst_wrst'
Sourcing Tcl File [D:/Xilinx_Unified_2020.1_0602_1208/Vivado/2020.1/data/ip/xpm/xpm_cdc/tcl/xpm_cdc_sync_rst.tcl] for cell 'i_asg/chB/inst_axi_dac/inst_sync_fifo/U0/inst_fifo_gen/gconvfifo.rf/grf.rf/rstblk/ngwrdrst.grst.g7serrst.gsckt_wrst.xpm_cdc_sync_rst_inst_wrst'
Finished Sourcing Tcl File [D:/Xilinx_Unified_2020.1_0602_1208/Vivado/2020.1/data/ip/xpm/xpm_cdc/tcl/xpm_cdc_sync_rst.tcl] for cell 'i_asg/chB/inst_axi_dac/inst_sync_fifo/U0/inst_fifo_gen/gconvfifo.rf/grf.rf/rstblk/ngwrdrst.grst.g7serrst.gsckt_wrst.xpm_cdc_sync_rst_inst_wrst'
INFO: [Opt 31-138] Pushed 0 inverter(s) to 0 load pin(s).
Netlist sorting complete. Time (s): cpu = 00:00:00 ; elapsed = 00:00:00.024 . Memory (MB): peak = 1373.020 ; gain = 0.000
INFO: [Project 1-111] Unisim Transformation Summary:
  A total of 80 instances were transformed.
  IOBUF => IOBUF (IBUF, OBUFT): 16 instances
  OBUFDS => OBUFDS_DUAL_BUF (INV, OBUFDS(x2)): 2 instances
  RAM32M => RAM32M (RAMD32(x6), RAMS32(x2)): 62 instances

29 Infos, 27 Warnings, 24 Critical Warnings and 0 Errors encountered.
link_design completed successfully
link_design: Time (s): cpu = 00:01:06 ; elapsed = 00:01:13 . Memory (MB): peak = 1373.020 ; gain = 360.465
Command: opt_design -directive Explore
INFO: [Vivado_Tcl 4-136] Directive used for opt_design is: Explore
Attempting to get a license for feature 'Implementation' and/or device 'xc7z010'
INFO: [Common 17-349] Got license for feature 'Implementation' and/or device 'xc7z010'
Running DRC as a precondition to command opt_design

Starting DRC Task
INFO: [DRC 23-27] Running DRC with 2 threads
INFO: [Project 1-461] DRC finished with 0 Errors
INFO: [Project 1-462] Please refer to the DRC report (report_drc) for more information.

Time (s): cpu = 00:00:07 ; elapsed = 00:00:04 . Memory (MB): peak = 1373.020 ; gain = 0.000

Starting Cache Timing Information Task
INFO: [Timing 38-35] Done setting XDC timing constraints.
Ending Cache Timing Information Task | Checksum: 19b7a42ad

Time (s): cpu = 00:00:04 ; elapsed = 00:00:03 . Memory (MB): peak = 1373.020 ; gain = 0.000

Starting Logic Optimization Task

Phase 1 Retarget
INFO: [Opt 31-138] Pushed 1 inverter(s) to 1 load pin(s).
INFO: [Opt 31-49] Retargeted 0 cell(s).
Phase 1 Retarget | Checksum: 1f98a44fb

Time (s): cpu = 00:00:05 ; elapsed = 00:00:03 . Memory (MB): peak = 1540.258 ; gain = 0.504
INFO: [Opt 31-389] Phase Retarget created 7 cells and removed 69 cells
INFO: [Opt 31-1021] In phase Retarget, 154 netlist objects are constrained preventing optimization. Please run opt_design with -debug_log to get more detail. 

Phase 2 Constant propagation
INFO: [Opt 31-138] Pushed 0 inverter(s) to 0 load pin(s).
Phase 2 Constant propagation | Checksum: 16b503747

Time (s): cpu = 00:00:06 ; elapsed = 00:00:04 . Memory (MB): peak = 1540.258 ; gain = 0.504
INFO: [Opt 31-389] Phase Constant propagation created 0 cells and removed 100 cells
INFO: [Opt 31-1021] In phase Constant propagation, 24 netlist objects are constrained preventing optimization. Please run opt_design with -debug_log to get more detail. 

Phase 3 Sweep
Phase 3 Sweep | Checksum: 1f8a67ff2

Time (s): cpu = 00:00:10 ; elapsed = 00:00:09 . Memory (MB): peak = 1540.258 ; gain = 0.504
INFO: [Opt 31-389] Phase Sweep created 8 cells and removed 379 cells
INFO: [Opt 31-1021] In phase Sweep, 700 netlist objects are constrained preventing optimization. Please run opt_design with -debug_log to get more detail. 

Phase 4 BUFG optimization
Phase 4 BUFG optimization | Checksum: 17e4e3cca

Time (s): cpu = 00:00:12 ; elapsed = 00:00:10 . Memory (MB): peak = 1540.258 ; gain = 0.504
INFO: [Opt 31-662] Phase BUFG optimization created 0 cells of which 0 are BUFGs and removed 1 cells.

Phase 5 Shift Register Optimization
INFO: [Opt 31-1064] SRL Remap converted 0 SRLs to 0 registers and converted 0 registers of register chains to 0 SRLs
Phase 5 Shift Register Optimization | Checksum: 17e4e3cca

Time (s): cpu = 00:00:12 ; elapsed = 00:00:11 . Memory (MB): peak = 1540.258 ; gain = 0.504
INFO: [Opt 31-389] Phase Shift Register Optimization created 0 cells and removed 0 cells

Phase 6 Post Processing Netlist
Phase 6 Post Processing Netlist | Checksum: 119506f4d

Time (s): cpu = 00:00:13 ; elapsed = 00:00:12 . Memory (MB): peak = 1540.258 ; gain = 0.504
INFO: [Opt 31-389] Phase Post Processing Netlist created 0 cells and removed 0 cells
INFO: [Opt 31-1021] In phase Post Processing Netlist, 24 netlist objects are constrained preventing optimization. Please run opt_design with -debug_log to get more detail. 
Opt_design Change Summary
=========================


-------------------------------------------------------------------------------------------------------------------------
|  Phase                        |  #Cells created  |  #Cells Removed  |  #Constrained objects preventing optimizations  |
-------------------------------------------------------------------------------------------------------------------------
|  Retarget                     |               7  |              69  |                                            154  |
|  Constant propagation         |               0  |             100  |                                             24  |
|  Sweep                        |               8  |             379  |                                            700  |
|  BUFG optimization            |               0  |               1  |                                              0  |
|  Shift Register Optimization  |               0  |               0  |                                              0  |
|  Post Processing Netlist      |               0  |               0  |                                             24  |
-------------------------------------------------------------------------------------------------------------------------



Starting Connectivity Check Task

Time (s): cpu = 00:00:00 ; elapsed = 00:00:00.116 . Memory (MB): peak = 1540.258 ; gain = 0.000
Ending Logic Optimization Task | Checksum: 20f6b16cc

Time (s): cpu = 00:00:15 ; elapsed = 00:00:13 . Memory (MB): peak = 1540.258 ; gain = 0.504

Starting Power Optimization Task
INFO: [Pwropt 34-132] Skipping clock gating for clocks with a period < 2.00 ns.
INFO: [Power 33-23] Power model is not available for i_DNA
INFO: [Timing 38-35] Done setting XDC timing constraints.
INFO: [Pwropt 34-9] Applying IDT optimizations ...
INFO: [Pwropt 34-10] Applying ODC optimizations ...
Running Vector-less Activity Propagation...

Finished Running Vector-less Activity Propagation


Starting PowerOpt Patch Enables Task
INFO: [Pwropt 34-162] WRITE_MODE attribute of 0 BRAM(s) out of a total of 36 has been updated to save power. Run report_power_opt to get a complete listing of the BRAMs updated.
INFO: [Timing 38-35] Done setting XDC timing constraints.
INFO: [Pwropt 34-201] Structural ODC has moved 2 WE to EN ports
Number of BRAM Ports augmented: 20 newly gated: 2 Total Ports: 72
Ending PowerOpt Patch Enables Task | Checksum: 24e822916

Time (s): cpu = 00:00:05 ; elapsed = 00:00:03 . Memory (MB): peak = 1794.730 ; gain = 0.000
Ending Power Optimization Task | Checksum: 24e822916

Time (s): cpu = 00:00:50 ; elapsed = 00:00:35 . Memory (MB): peak = 1794.730 ; gain = 254.473

Starting Final Cleanup Task
Ending Final Cleanup Task | Checksum: 24e822916

Time (s): cpu = 00:00:00 ; elapsed = 00:00:00.001 . Memory (MB): peak = 1794.730 ; gain = 0.000

Starting Netlist Obfuscation Task
Netlist sorting complete. Time (s): cpu = 00:00:00 ; elapsed = 00:00:00.081 . Memory (MB): peak = 1794.730 ; gain = 0.000
Ending Netlist Obfuscation Task | Checksum: 1ece2bd5f

Time (s): cpu = 00:00:00 ; elapsed = 00:00:00.081 . Memory (MB): peak = 1794.730 ; gain = 0.000
INFO: [Common 17-83] Releasing license: Implementation
58 Infos, 27 Warnings, 24 Critical Warnings and 0 Errors encountered.
opt_design completed successfully
opt_design: Time (s): cpu = 00:01:21 ; elapsed = 00:01:01 . Memory (MB): peak = 1794.730 ; gain = 421.711
INFO: [Timing 38-480] Writing timing data to binary archive.
Writing placer database...
Writing XDEF routing.
Writing XDEF routing logical nets.
Writing XDEF routing special nets.
Write XDEF Complete: Time (s): cpu = 00:00:02 ; elapsed = 00:00:00.429 . Memory (MB): peak = 1794.730 ; gain = 0.000
INFO: [Common 17-1381] The checkpoint 'D:/RedPitaya-FPGA/prj/quantum_control/project/redpitaya.runs/impl_1/red_pitaya_top_opt.dcp' has been generated.
write_checkpoint: Time (s): cpu = 00:00:16 ; elapsed = 00:00:13 . Memory (MB): peak = 1794.730 ; gain = 0.000
INFO: [runtcl-4] Executing : report_drc -file red_pitaya_top_drc_opted.rpt -pb red_pitaya_top_drc_opted.pb -rpx red_pitaya_top_drc_opted.rpx
Command: report_drc -file red_pitaya_top_drc_opted.rpt -pb red_pitaya_top_drc_opted.pb -rpx red_pitaya_top_drc_opted.rpx
INFO: [IP_Flow 19-1839] IP Catalog is up to date.
INFO: [DRC 23-27] Running DRC with 2 threads
INFO: [Coretcl 2-168] The results of DRC are in file D:/RedPitaya-FPGA/prj/quantum_control/project/redpitaya.runs/impl_1/red_pitaya_top_drc_opted.rpt.
report_drc completed successfully
report_drc: Time (s): cpu = 00:00:13 ; elapsed = 00:00:08 . Memory (MB): peak = 1794.730 ; gain = 0.000
Command: place_design -directive Explore
Attempting to get a license for feature 'Implementation' and/or device 'xc7z010'
INFO: [Common 17-349] Got license for feature 'Implementation' and/or device 'xc7z010'
INFO: [DRC 23-27] Running DRC with 2 threads
INFO: [Vivado_Tcl 4-198] DRC finished with 0 Errors
INFO: [Vivado_Tcl 4-199] Please refer to the DRC report (report_drc) for more information.
Running DRC as a precondition to command place_design
INFO: [DRC 23-27] Running DRC with 2 threads
WARNING: [DRC REQP-1724] DSP_Dbus_sign_bit_restriction: i_pid/i_pid21/kd_mult: When using the PreAdder and USE_DPORT is TRUE, the D operand should be restricted to 24 bit two's complement (and sign extended) to avoid over/underflow in the pre-add stage.
INFO: [Vivado_Tcl 4-198] DRC finished with 0 Errors, 1 Warnings
INFO: [Vivado_Tcl 4-199] Please refer to the DRC report (report_drc) for more information.

Starting Placer Task
INFO: [Place 46-5] The placer was invoked with the 'Explore' directive.
INFO: [Place 30-611] Multithreading enabled for place_design using a maximum of 2 CPUs

Phase 1 Placer Initialization

Phase 1.1 Placer Initialization Netlist Sorting
Netlist sorting complete. Time (s): cpu = 00:00:00 ; elapsed = 00:00:00.025 . Memory (MB): peak = 1794.730 ; gain = 0.000
Phase 1.1 Placer Initialization Netlist Sorting | Checksum: 19c57b1c1

Time (s): cpu = 00:00:00 ; elapsed = 00:00:00.134 . Memory (MB): peak = 1794.730 ; gain = 0.000
Netlist sorting complete. Time (s): cpu = 00:00:00 ; elapsed = 00:00:00.023 . Memory (MB): peak = 1794.730 ; gain = 0.000

Phase 1.2 IO Placement/ Clock Placement/ Build Placer Device
CRITICAL WARNING: [Place 30-722] Terminal 'adc_dat_i[0][10]' has IOB constraint set to TRUE, but it is either not connected to a FLOP element or the connected FLOP element could not be brought into the I/O
CRITICAL WARNING: [Place 30-722] Terminal 'adc_dat_i[0][11]' has IOB constraint set to TRUE, but it is either not connected to a FLOP element or the connected FLOP element could not be brought into the I/O
CRITICAL WARNING: [Place 30-722] Terminal 'adc_dat_i[0][12]' has IOB constraint set to TRUE, but it is either not connected to a FLOP element or the connected FLOP element could not be brought into the I/O
CRITICAL WARNING: [Place 30-722] Terminal 'adc_dat_i[0][13]' has IOB constraint set to TRUE, but it is either not connected to a FLOP element or the connected FLOP element could not be brought into the I/O
CRITICAL WARNING: [Place 30-722] Terminal 'adc_dat_i[0][14]' has IOB constraint set to TRUE, but it is either not connected to a FLOP element or the connected FLOP element could not be brought into the I/O
CRITICAL WARNING: [Place 30-722] Terminal 'adc_dat_i[0][15]' has IOB constraint set to TRUE, but it is either not connected to a FLOP element or the connected FLOP element could not be brought into the I/O
CRITICAL WARNING: [Place 30-722] Terminal 'adc_dat_i[0][2]' has IOB constraint set to TRUE, but it is either not connected to a FLOP element or the connected FLOP element could not be brought into the I/O
CRITICAL WARNING: [Place 30-722] Terminal 'adc_dat_i[0][3]' has IOB constraint set to TRUE, but it is either not connected to a FLOP element or the connected FLOP element could not be brought into the I/O
CRITICAL WARNING: [Place 30-722] Terminal 'adc_dat_i[0][4]' has IOB constraint set to TRUE, but it is either not connected to a FLOP element or the connected FLOP element could not be brought into the I/O
CRITICAL WARNING: [Place 30-722] Terminal 'adc_dat_i[0][5]' has IOB constraint set to TRUE, but it is either not connected to a FLOP element or the connected FLOP element could not be brought into the I/O
CRITICAL WARNING: [Place 30-722] Terminal 'adc_dat_i[0][6]' has IOB constraint set to TRUE, but it is either not connected to a FLOP element or the connected FLOP element could not be brought into the I/O
CRITICAL WARNING: [Place 30-722] Terminal 'adc_dat_i[0][7]' has IOB constraint set to TRUE, but it is either not connected to a FLOP element or the connected FLOP element could not be brought into the I/O
CRITICAL WARNING: [Place 30-722] Terminal 'adc_dat_i[0][8]' has IOB constraint set to TRUE, but it is either not connected to a FLOP element or the connected FLOP element could not be brought into the I/O
CRITICAL WARNING: [Place 30-722] Terminal 'adc_dat_i[0][9]' has IOB constraint set to TRUE, but it is either not connected to a FLOP element or the connected FLOP element could not be brought into the I/O
CRITICAL WARNING: [Place 30-722] Terminal 'adc_dat_i[1][10]' has IOB constraint set to TRUE, but it is either not connected to a FLOP element or the connected FLOP element could not be brought into the I/O
CRITICAL WARNING: [Place 30-722] Terminal 'adc_dat_i[1][11]' has IOB constraint set to TRUE, but it is either not connected to a FLOP element or the connected FLOP element could not be brought into the I/O
CRITICAL WARNING: [Place 30-722] Terminal 'adc_dat_i[1][12]' has IOB constraint set to TRUE, but it is either not connected to a FLOP element or the connected FLOP element could not be brought into the I/O
CRITICAL WARNING: [Place 30-722] Terminal 'adc_dat_i[1][13]' has IOB constraint set to TRUE, but it is either not connected to a FLOP element or the connected FLOP element could not be brought into the I/O
CRITICAL WARNING: [Place 30-722] Terminal 'adc_dat_i[1][14]' has IOB constraint set to TRUE, but it is either not connected to a FLOP element or the connected FLOP element could not be brought into the I/O
CRITICAL WARNING: [Place 30-722] Terminal 'adc_dat_i[1][15]' has IOB constraint set to TRUE, but it is either not connected to a FLOP element or the connected FLOP element could not be brought into the I/O
CRITICAL WARNING: [Place 30-722] Terminal 'adc_dat_i[1][2]' has IOB constraint set to TRUE, but it is either not connected to a FLOP element or the connected FLOP element could not be brought into the I/O
CRITICAL WARNING: [Place 30-722] Terminal 'adc_dat_i[1][3]' has IOB constraint set to TRUE, but it is either not connected to a FLOP element or the connected FLOP element could not be brought into the I/O
CRITICAL WARNING: [Place 30-722] Terminal 'adc_dat_i[1][4]' has IOB constraint set to TRUE, but it is either not connected to a FLOP element or the connected FLOP element could not be brought into the I/O
CRITICAL WARNING: [Place 30-722] Terminal 'adc_dat_i[1][5]' has IOB constraint set to TRUE, but it is either not connected to a FLOP element or the connected FLOP element could not be brought into the I/O
CRITICAL WARNING: [Place 30-722] Terminal 'adc_dat_i[1][6]' has IOB constraint set to TRUE, but it is either not connected to a FLOP element or the connected FLOP element could not be brought into the I/O
CRITICAL WARNING: [Place 30-722] Terminal 'adc_dat_i[1][7]' has IOB constraint set to TRUE, but it is either not connected to a FLOP element or the connected FLOP element could not be brought into the I/O
CRITICAL WARNING: [Place 30-722] Terminal 'adc_dat_i[1][8]' has IOB constraint set to TRUE, but it is either not connected to a FLOP element or the connected FLOP element could not be brought into the I/O
CRITICAL WARNING: [Place 30-722] Terminal 'adc_dat_i[1][9]' has IOB constraint set to TRUE, but it is either not connected to a FLOP element or the connected FLOP element could not be brought into the I/O
INFO: [Timing 38-35] Done setting XDC timing constraints.
Phase 1.2 IO Placement/ Clock Placement/ Build Placer Device | Checksum: c048db87

Time (s): cpu = 00:00:13 ; elapsed = 00:00:10 . Memory (MB): peak = 1794.730 ; gain = 0.000

Phase 1.3 Build Placer Netlist Model
Phase 1.3 Build Placer Netlist Model | Checksum: 12a6e7a3e

Time (s): cpu = 00:00:32 ; elapsed = 00:00:23 . Memory (MB): peak = 1794.730 ; gain = 0.000

Phase 1.4 Constrain Clocks/Macros
Phase 1.4 Constrain Clocks/Macros | Checksum: 12a6e7a3e

Time (s): cpu = 00:00:32 ; elapsed = 00:00:23 . Memory (MB): peak = 1794.730 ; gain = 0.000
Phase 1 Placer Initialization | Checksum: 12a6e7a3e

Time (s): cpu = 00:00:32 ; elapsed = 00:00:23 . Memory (MB): peak = 1794.730 ; gain = 0.000

Phase 2 Global Placement

Phase 2.1 Floorplanning
Phase 2.1 Floorplanning | Checksum: 1206a06a3

Time (s): cpu = 00:00:37 ; elapsed = 00:00:26 . Memory (MB): peak = 1794.730 ; gain = 0.000

Phase 2.2 Global Placement Core

Phase 2.2.1 Physical Synthesis In Placer
INFO: [Physopt 32-1035] Found 1 LUTNM shape to break, 639 LUT instances to create LUTNM shape
INFO: [Physopt 32-1044] Break lutnm for timing: one critical 0, two critical 1, total 1, new lutff created 0
INFO: [Physopt 32-775] End 1 Pass. Optimized 237 nets or cells. Created 1 new cell, deleted 236 existing cells and moved 0 existing cell
INFO: [Physopt 32-65] No nets found for high-fanout optimization.
INFO: [Physopt 32-232] Optimized 0 net. Created 0 new instance.
INFO: [Physopt 32-775] End 1 Pass. Optimized 0 net or cell. Created 0 new cell, deleted 0 existing cell and moved 0 existing cell
INFO: [Physopt 32-457] Pass 1. Identified 4 candidate cells for DSP register optimization.
INFO: [Physopt 32-665] Processed cell i_scope/genblk1[1].i_dfilt1_ch/kk_mult_reg. 17 registers were pushed out.
INFO: [Physopt 32-666] Processed cell i_scope/genblk1[1].i_dfilt1_ch/pp_mult. No change.
INFO: [Physopt 32-665] Processed cell i_scope/genblk1[0].i_dfilt1_ch/kk_mult_reg. 17 registers were pushed out.
INFO: [Physopt 32-666] Processed cell i_scope/genblk1[0].i_dfilt1_ch/pp_mult. No change.
INFO: [Physopt 32-457] Pass 2. Identified 2 candidate cells for DSP register optimization.
INFO: [Physopt 32-666] Processed cell i_scope/genblk1[1].i_dfilt1_ch/pp_mult. No change.
INFO: [Physopt 32-666] Processed cell i_scope/genblk1[0].i_dfilt1_ch/pp_mult. No change.
INFO: [Physopt 32-775] End 2 Pass. Optimized 2 nets or cells. Created 34 new cells, deleted 0 existing cell and moved 0 existing cell
Netlist sorting complete. Time (s): cpu = 00:00:00 ; elapsed = 00:00:00.049 . Memory (MB): peak = 1794.730 ; gain = 0.000
INFO: [Physopt 32-1123] No candidate cells found for Shift Register to Pipeline optimization
INFO: [Physopt 32-775] End 1 Pass. Optimized 0 net or cell. Created 0 new cell, deleted 0 existing cell and moved 0 existing cell
INFO: [Physopt 32-677] No candidate cells for Shift Register optimization found in the design
INFO: [Physopt 32-775] End 1 Pass. Optimized 0 net or cell. Created 0 new cell, deleted 0 existing cell and moved 0 existing cell
INFO: [Physopt 32-526] No candidate cells for BRAM register optimization found in the design
INFO: [Physopt 32-775] End 1 Pass. Optimized 0 net or cell. Created 0 new cell, deleted 0 existing cell and moved 0 existing cell
INFO: [Physopt 32-846] No candidate cells for URAM register optimization found in the design
INFO: [Physopt 32-775] End 2 Pass. Optimized 0 net or cell. Created 0 new cell, deleted 0 existing cell and moved 0 existing cell
INFO: [Physopt 32-949] No candidate nets found for HD net replication
INFO: [Physopt 32-775] End 1 Pass. Optimized 0 net or cell. Created 0 new cell, deleted 0 existing cell and moved 0 existing cell
Netlist sorting complete. Time (s): cpu = 00:00:01 ; elapsed = 00:00:00.019 . Memory (MB): peak = 1794.730 ; gain = 0.000

Summary of Physical Synthesis Optimizations
============================================


-----------------------------------------------------------------------------------------------------------------------------------------------------------
|  Optimization                                     |  Added Cells  |  Removed Cells  |  Optimized Cells/Nets  |  Dont Touch  |  Iterations  |  Elapsed   |
-----------------------------------------------------------------------------------------------------------------------------------------------------------
|  LUT Combining                                    |            1  |            236  |                   237  |           0  |           1  |  00:00:01  |
|  Very High Fanout                                 |            0  |              0  |                     0  |           0  |           1  |  00:00:00  |
|  DSP Register                                     |           34  |              0  |                     2  |           0  |           1  |  00:00:02  |
|  Shift Register to Pipeline                       |            0  |              0  |                     0  |           0  |           1  |  00:00:00  |
|  Shift Register                                   |            0  |              0  |                     0  |           0  |           1  |  00:00:00  |
|  BRAM Register                                    |            0  |              0  |                     0  |           0  |           1  |  00:00:00  |
|  URAM Register                                    |            0  |              0  |                     0  |           0  |           1  |  00:00:00  |
|  Dynamic/Static Region Interface Net Replication  |            0  |              0  |                     0  |           0  |           1  |  00:00:00  |
|  Total                                            |           35  |            236  |                   239  |           0  |           8  |  00:00:04  |
-----------------------------------------------------------------------------------------------------------------------------------------------------------


Phase 2.2.1 Physical Synthesis In Placer | Checksum: 1578f6269

Time (s): cpu = 00:01:47 ; elapsed = 00:01:12 . Memory (MB): peak = 1794.730 ; gain = 0.000
Phase 2.2 Global Placement Core | Checksum: 1c399a3f9

Time (s): cpu = 00:01:50 ; elapsed = 00:01:14 . Memory (MB): peak = 1794.730 ; gain = 0.000
Phase 2 Global Placement | Checksum: 1c399a3f9

Time (s): cpu = 00:01:50 ; elapsed = 00:01:14 . Memory (MB): peak = 1794.730 ; gain = 0.000

Phase 3 Detail Placement

Phase 3.1 Commit Multi Column Macros
Phase 3.1 Commit Multi Column Macros | Checksum: 15e6f38d7

Time (s): cpu = 00:01:56 ; elapsed = 00:01:17 . Memory (MB): peak = 1794.730 ; gain = 0.000

Phase 3.2 Commit Most Macros & LUTRAMs
Phase 3.2 Commit Most Macros & LUTRAMs | Checksum: 24bd5c2c8

Time (s): cpu = 00:02:06 ; elapsed = 00:01:25 . Memory (MB): peak = 1794.730 ; gain = 0.000

Phase 3.3 Area Swap Optimization
Phase 3.3 Area Swap Optimization | Checksum: 1c040ed9c

Time (s): cpu = 00:02:07 ; elapsed = 00:01:25 . Memory (MB): peak = 1794.730 ; gain = 0.000

Phase 3.4 Pipeline Register Optimization
Phase 3.4 Pipeline Register Optimization | Checksum: 1a1ce5b7d

Time (s): cpu = 00:02:07 ; elapsed = 00:01:25 . Memory (MB): peak = 1794.730 ; gain = 0.000

Phase 3.5 Fast Optimization
Phase 3.5 Fast Optimization | Checksum: 24091b964

Time (s): cpu = 00:02:21 ; elapsed = 00:01:36 . Memory (MB): peak = 1794.730 ; gain = 0.000

Phase 3.6 Small Shape Detail Placement
Phase 3.6 Small Shape Detail Placement | Checksum: 20cc7eae1

Time (s): cpu = 00:02:42 ; elapsed = 00:02:03 . Memory (MB): peak = 1794.730 ; gain = 0.000

Phase 3.7 Re-assign LUT pins
Phase 3.7 Re-assign LUT pins | Checksum: 1bdd093dd

Time (s): cpu = 00:02:45 ; elapsed = 00:02:06 . Memory (MB): peak = 1794.730 ; gain = 0.000

Phase 3.8 Pipeline Register Optimization
Phase 3.8 Pipeline Register Optimization | Checksum: 1a42aeaa0

Time (s): cpu = 00:02:45 ; elapsed = 00:02:06 . Memory (MB): peak = 1794.730 ; gain = 0.000
Phase 3 Detail Placement | Checksum: 1a42aeaa0

Time (s): cpu = 00:02:46 ; elapsed = 00:02:07 . Memory (MB): peak = 1794.730 ; gain = 0.000

Phase 4 Post Placement Optimization and Clean-Up

Phase 4.1 Post Commit Optimization
INFO: [Timing 38-35] Done setting XDC timing constraints.

Phase 4.1.1 Post Placement Optimization
Post Placement Optimization Initialization | Checksum: 1be161ced

Phase 4.1.1.1 BUFG Insertion

Starting Physical Synthesis Task

Phase 1 Physical Synthesis Initialization
INFO: [Physopt 32-721] Multithreading enabled for phys_opt_design using a maximum of 2 CPUs
INFO: [Physopt 32-619] Estimated Timing Summary | WNS=-0.655 | TNS=-50.481 |
Phase 1 Physical Synthesis Initialization | Checksum: 17df9b251

Time (s): cpu = 00:00:06 ; elapsed = 00:00:03 . Memory (MB): peak = 1794.730 ; gain = 0.000
INFO: [Place 46-33] Processed net i_quantum_tagger/clear, BUFG insertion was skipped due to placement/routing conflicts.
INFO: [Place 46-56] BUFG insertion identified 1 candidate nets. Inserted BUFG: 0, Replicated BUFG Driver: 0, Skipped due to Placement/Routing Conflicts: 1, Skipped due to Timing Degradation: 0, Skipped due to Illegal Netlist: 0.
Ending Physical Synthesis Task | Checksum: 20ecaebd7

Time (s): cpu = 00:00:08 ; elapsed = 00:00:05 . Memory (MB): peak = 1794.730 ; gain = 0.000
Phase 4.1.1.1 BUFG Insertion | Checksum: 1be161ced

Time (s): cpu = 00:03:14 ; elapsed = 00:02:25 . Memory (MB): peak = 1794.730 ; gain = 0.000
INFO: [Place 30-746] Post Placement Timing Summary WNS=-0.003. For the most accurate timing information please run report_timing.
Phase 4.1.1 Post Placement Optimization | Checksum: 2004bbd43

Time (s): cpu = 00:04:43 ; elapsed = 00:03:47 . Memory (MB): peak = 1794.730 ; gain = 0.000
Phase 4.1 Post Commit Optimization | Checksum: 2004bbd43

Time (s): cpu = 00:04:43 ; elapsed = 00:03:47 . Memory (MB): peak = 1794.730 ; gain = 0.000

Phase 4.2 Post Placement Cleanup
Phase 4.2 Post Placement Cleanup | Checksum: 2004bbd43

Time (s): cpu = 00:04:43 ; elapsed = 00:03:48 . Memory (MB): peak = 1794.730 ; gain = 0.000

Phase 4.3 Placer Reporting
Phase 4.3 Placer Reporting | Checksum: 2004bbd43

Time (s): cpu = 00:04:44 ; elapsed = 00:03:48 . Memory (MB): peak = 1794.730 ; gain = 0.000

Phase 4.4 Final Placement Cleanup
Netlist sorting complete. Time (s): cpu = 00:00:00 ; elapsed = 00:00:00.033 . Memory (MB): peak = 1794.730 ; gain = 0.000
Phase 4.4 Final Placement Cleanup | Checksum: 1d67bd92b

Time (s): cpu = 00:04:44 ; elapsed = 00:03:48 . Memory (MB): peak = 1794.730 ; gain = 0.000
Phase 4 Post Placement Optimization and Clean-Up | Checksum: 1d67bd92b

Time (s): cpu = 00:04:44 ; elapsed = 00:03:49 . Memory (MB): peak = 1794.730 ; gain = 0.000
Ending Placer Task | Checksum: 166f271bd

Time (s): cpu = 00:04:44 ; elapsed = 00:03:49 . Memory (MB): peak = 1794.730 ; gain = 0.000
INFO: [Common 17-83] Releasing license: Implementation
106 Infos, 28 Warnings, 52 Critical Warnings and 0 Errors encountered.
place_design completed successfully
place_design: Time (s): cpu = 00:04:54 ; elapsed = 00:03:54 . Memory (MB): peak = 1794.730 ; gain = 0.000
INFO: [Timing 38-480] Writing timing data to binary archive.
Writing placer database...
Writing XDEF routing.
Writing XDEF routing logical nets.
Writing XDEF routing special nets.
Write XDEF Complete: Time (s): cpu = 00:00:12 ; elapsed = 00:00:04 . Memory (MB): peak = 1794.730 ; gain = 0.000
INFO: [Common 17-1381] The checkpoint 'D:/RedPitaya-FPGA/prj/quantum_control/project/redpitaya.runs/impl_1/red_pitaya_top_placed.dcp' has been generated.
write_checkpoint: Time (s): cpu = 00:00:17 ; elapsed = 00:00:11 . Memory (MB): peak = 1794.730 ; gain = 0.000
INFO: [runtcl-4] Executing : report_io -file red_pitaya_top_io_placed.rpt
report_io: Time (s): cpu = 00:00:01 ; elapsed = 00:00:00.213 . Memory (MB): peak = 1794.730 ; gain = 0.000
INFO: [runtcl-4] Executing : report_utilization -file red_pitaya_top_utilization_placed.rpt -pb red_pitaya_top_utilization_placed.pb
INFO: [runtcl-4] Executing : report_control_sets -verbose -file red_pitaya_top_control_sets_placed.rpt
report_control_sets: Time (s): cpu = 00:00:00 ; elapsed = 00:00:00.119 . Memory (MB): peak = 1794.730 ; gain = 0.000
Command: phys_opt_design -directive Explore
Attempting to get a license for feature 'Implementation' and/or device 'xc7z010'
INFO: [Common 17-349] Got license for feature 'Implementation' and/or device 'xc7z010'
INFO: [Vivado_Tcl 4-137] Directive used for phys_opt_design is: Explore
Netlist sorting complete. Time (s): cpu = 00:00:00 ; elapsed = 00:00:00.016 . Memory (MB): peak = 1794.730 ; gain = 0.000

Starting Physical Synthesis Task

Phase 1 Physical Synthesis Initialization
INFO: [Physopt 32-721] Multithreading enabled for phys_opt_design using a maximum of 2 CPUs
INFO: [Physopt 32-619] Estimated Timing Summary | WNS=-0.003 | TNS=-0.004 |
Phase 1 Physical Synthesis Initialization | Checksum: 1731309f5

Time (s): cpu = 00:00:22 ; elapsed = 00:00:09 . Memory (MB): peak = 1794.730 ; gain = 0.000

Phase 2 SLR Crossing Optimization
Phase 2 SLR Crossing Optimization | Checksum: 1731309f5

Time (s): cpu = 00:00:22 ; elapsed = 00:00:10 . Memory (MB): peak = 1794.730 ; gain = 0.000
INFO: [Physopt 32-619] Estimated Timing Summary | WNS=-0.003 | TNS=-0.004 |

Phase 3 Fanout Optimization
INFO: [Physopt 32-76] Pass 1. Identified 7 candidate nets for fanout optimization.
INFO: [Physopt 32-572] Net i_asg/chA/inst_axi_dac/dac_pnt[61]_i_3_n_0 was not replicated.
Resolution: phys_opt_design can be forced to replicate a net driver using the option -force_replication_on_nets <list of net objects>.
INFO: [Physopt 32-572] Net i_asg/chA/inst_axi_dac/dac_pnt[61]_i_4_n_0 was not replicated.
Resolution: phys_opt_design can be forced to replicate a net driver using the option -force_replication_on_nets <list of net objects>.
INFO: [Physopt 32-572] Net i_asg/chB/inst_axi_dac/dac_pnt[61]_i_4__0_n_0 was not replicated.
Resolution: phys_opt_design can be forced to replicate a net driver using the option -force_replication_on_nets <list of net objects>.
INFO: [Physopt 32-572] Net i_asg/chA/inst_axi_dac/dac_pnt[61]_i_7_n_0 was not replicated.
Resolution: phys_opt_design can be forced to replicate a net driver using the option -force_replication_on_nets <list of net objects>.
INFO: [Physopt 32-81] Processed net ps/axi_master_3/sys_rdata_o[63]_i_1__0_n_0. Replicated 1 times.
INFO: [Physopt 32-572] Net i_asg/chB/inst_axi_dac/dac_pnt[61]_i_3__0_n_0 was not replicated.
Resolution: phys_opt_design can be forced to replicate a net driver using the option -force_replication_on_nets <list of net objects>.
INFO: [Physopt 32-81] Processed net ps/axi_master_2/sys_rdata_o[63]_i_1_n_0. Replicated 1 times.
INFO: [Physopt 32-232] Optimized 2 nets. Created 2 new instances.
INFO: [Physopt 32-775] End 1 Pass. Optimized 2 nets or cells. Created 2 new cells, deleted 0 existing cell and moved 0 existing cell
INFO: [Physopt 32-619] Estimated Timing Summary | WNS=-0.003 | TNS=-0.004 |
Netlist sorting complete. Time (s): cpu = 00:00:00 ; elapsed = 00:00:00.036 . Memory (MB): peak = 1794.730 ; gain = 0.000
Phase 3 Fanout Optimization | Checksum: 10ba5259b

Time (s): cpu = 00:00:28 ; elapsed = 00:00:14 . Memory (MB): peak = 1794.730 ; gain = 0.000

Phase 4 Single Cell Placement Optimization
INFO: [Physopt 32-660] Identified 250 candidate nets for placement-based optimization.
INFO: [Physopt 32-662] Processed net i_asg/chA/inst_axi_dac/dac_pnt[61]_i_3_n_0.  Did not re-place instance i_asg/chA/inst_axi_dac/dac_pnt[61]_i_3
INFO: [Physopt 32-662] Processed net i_asg/chA/dac_pnt_reg_n_0_[1].  Did not re-place instance i_asg/chA/dac_pnt_reg[1]
INFO: [Physopt 32-662] Processed net i_asg/chA/dac_pnt[12]_i_6_n_0.  Did not re-place instance i_asg/chA/dac_pnt[12]_i_6
INFO: [Physopt 32-662] Processed net i_asg/chA/dac_pnt[16]_i_6_n_0.  Did not re-place instance i_asg/chA/dac_pnt[16]_i_6
INFO: [Physopt 32-662] Processed net i_asg/chA/dac_pnt[20]_i_6_n_0.  Did not re-place instance i_asg/chA/dac_pnt[20]_i_6
INFO: [Physopt 32-662] Processed net i_asg/chA/dac_pnt[24]_i_6_n_0.  Did not re-place instance i_asg/chA/dac_pnt[24]_i_6
INFO: [Physopt 32-662] Processed net i_asg/chA/dac_pnt[28]_i_6_n_0.  Did not re-place instance i_asg/chA/dac_pnt[28]_i_6
INFO: [Physopt 32-662] Processed net i_asg/chA/dac_pnt[3]_i_5_n_0.  Did not re-place instance i_asg/chA/dac_pnt[3]_i_5
INFO: [Physopt 32-662] Processed net i_asg/chA/dac_pnt[61]_i_8_n_0.  Did not re-place instance i_asg/chA/dac_pnt[61]_i_8
INFO: [Physopt 32-662] Processed net i_asg/chA/inst_axi_dac/set_a_ofs_reg[29][43].  Did not re-place instance i_asg/chA/inst_axi_dac/dac_pnt[43]_i_1
INFO: [Physopt 32-662] Processed net i_asg/chA/dac_pnt_reg_n_0_[43].  Did not re-place instance i_asg/chA/dac_pnt_reg[43]
INFO: [Physopt 32-662] Processed net i_asg/chA/inst_axi_dac/set_a_ofs_reg[29][60].  Did not re-place instance i_asg/chA/inst_axi_dac/dac_pnt[60]_i_1
INFO: [Physopt 32-662] Processed net i_asg/chA/dac_pnt[60].  Did not re-place instance i_asg/chA/dac_pnt_reg[60]
INFO: [Physopt 32-662] Processed net i_asg/chA/inst_axi_dac/set_a_ofs_reg[29][61].  Did not re-place instance i_asg/chA/inst_axi_dac/dac_pnt[61]_i_2
INFO: [Physopt 32-662] Processed net i_asg/chA/dac_pnt[61].  Did not re-place instance i_asg/chA/dac_pnt_reg[61]
INFO: [Physopt 32-662] Processed net i_asg/chA/inst_axi_dac/set_a_ofs_reg[29][41].  Did not re-place instance i_asg/chA/inst_axi_dac/dac_pnt[41]_i_1
INFO: [Physopt 32-662] Processed net i_asg/chA/dac_pnt_reg_n_0_[41].  Did not re-place instance i_asg/chA/dac_pnt_reg[41]
INFO: [Physopt 32-662] Processed net i_asg/chA/inst_axi_dac/set_a_ofs_reg[29][50].  Did not re-place instance i_asg/chA/inst_axi_dac/dac_pnt[50]_i_1
INFO: [Physopt 32-662] Processed net i_asg/chA/dac_pnt[50].  Did not re-place instance i_asg/chA/dac_pnt_reg[50]
INFO: [Physopt 32-662] Processed net i_asg/chA/inst_axi_dac/set_a_ofs_reg[29][51].  Did not re-place instance i_asg/chA/inst_axi_dac/dac_pnt[51]_i_1
INFO: [Physopt 32-662] Processed net i_asg/chA/dac_pnt[51].  Did not re-place instance i_asg/chA/dac_pnt_reg[51]
INFO: [Physopt 32-662] Processed net i_asg/chA/inst_axi_dac/set_a_ofs_reg[29][58].  Did not re-place instance i_asg/chA/inst_axi_dac/dac_pnt[58]_i_1
INFO: [Physopt 32-662] Processed net i_asg/chA/dac_pnt[58].  Did not re-place instance i_asg/chA/dac_pnt_reg[58]
INFO: [Physopt 32-662] Processed net i_asg/chA/inst_axi_dac/set_a_ofs_reg[29][49].  Did not re-place instance i_asg/chA/inst_axi_dac/dac_pnt[49]_i_1
INFO: [Physopt 32-662] Processed net i_asg/chA/dac_pnt[49].  Did not re-place instance i_asg/chA/dac_pnt_reg[49]
INFO: [Physopt 32-662] Processed net i_asg/chA/dac_pnt_reg_n_0_[0].  Did not re-place instance i_asg/chA/dac_pnt_reg[0]
INFO: [Physopt 32-662] Processed net i_asg/chA/dac_pnt[3]_i_6_n_0.  Did not re-place instance i_asg/chA/dac_pnt[3]_i_6
INFO: [Physopt 32-662] Processed net i_asg/chA/inst_axi_dac/set_a_ofs_reg[29][45].  Did not re-place instance i_asg/chA/inst_axi_dac/dac_pnt[45]_i_1
INFO: [Physopt 32-662] Processed net i_asg/chA/dac_pnt_reg_n_0_[45].  Did not re-place instance i_asg/chA/dac_pnt_reg[45]
INFO: [Physopt 32-662] Processed net i_asg/chA/inst_axi_dac/set_a_ofs_reg[29][53].  Did not re-place instance i_asg/chA/inst_axi_dac/dac_pnt[53]_i_1
INFO: [Physopt 32-662] Processed net i_asg/chA/dac_pnt[53].  Did not re-place instance i_asg/chA/dac_pnt_reg[53]
INFO: [Physopt 32-662] Processed net i_asg/chA/inst_axi_dac/dac_pnt[61]_i_4_n_0.  Did not re-place instance i_asg/chA/inst_axi_dac/dac_pnt[61]_i_4
INFO: [Physopt 32-662] Processed net i_asg/chA/dac_pnt_reg_n_0_[9].  Did not re-place instance i_asg/chA/dac_pnt_reg[9]
INFO: [Physopt 32-662] Processed net i_asg/chA/dac_pnt[61]_i_10_n_0.  Did not re-place instance i_asg/chA/dac_pnt[61]_i_10
INFO: [Physopt 32-662] Processed net i_asg/chA/inst_axi_dac/set_a_ofs_reg[29][9].  Did not re-place instance i_asg/chA/inst_axi_dac/dac_pnt[9]_i_1
INFO: [Physopt 32-662] Processed net ps/system_i/xadc/inst/AXI_LITE_IPIF_I/I_SLAVE_ATTACHMENT/I_DECODER/GEN_BKEND_CE_REGISTERS[23].ce_out_i[23]_i_2_n_0.  Did not re-place instance ps/system_i/xadc/inst/AXI_LITE_IPIF_I/I_SLAVE_ATTACHMENT/I_DECODER/GEN_BKEND_CE_REGISTERS[23].ce_out_i[23]_i_2
INFO: [Physopt 32-663] Processed net ps/system_i/axi_protocol_converter_0/inst/gen_axilite.gen_b2s_conv.axilite_b2s/RD.ar_channel_0/ar_cmd_fsm_0/FSM_sequential_state_reg[1]_1[1].  Re-placed instance ps/system_i/axi_protocol_converter_0/inst/gen_axilite.gen_b2s_conv.axilite_b2s/RD.ar_channel_0/ar_cmd_fsm_0/FSM_sequential_state_reg[1]
INFO: [Physopt 32-663] Processed net ps/system_i/axi_protocol_converter_0/inst/gen_axilite.gen_b2s_conv.axilite_b2s/RD.ar_channel_0/ar_cmd_fsm_0/m_axi_arvalid.  Re-placed instance ps/system_i/axi_protocol_converter_0/inst/gen_axilite.gen_b2s_conv.axilite_b2s/RD.ar_channel_0/ar_cmd_fsm_0/m_axi_arvalid_INST_0
INFO: [Physopt 32-663] Processed net ps/system_i/xadc/inst/AXI_LITE_IPIF_I/I_SLAVE_ATTACHMENT/I_DECODER/start.  Re-placed instance ps/system_i/xadc/inst/AXI_LITE_IPIF_I/I_SLAVE_ATTACHMENT/I_DECODER/GEN_BKEND_CE_REGISTERS[24].ce_out_i[24]_i_2
INFO: [Physopt 32-662] Processed net ps/system_i/xadc/inst/AXI_LITE_IPIF_I/I_SLAVE_ATTACHMENT/I_DECODER/GEN_BKEND_CE_REGISTERS[23].ce_out_i[23]_i_1_n_0.  Did not re-place instance ps/system_i/xadc/inst/AXI_LITE_IPIF_I/I_SLAVE_ATTACHMENT/I_DECODER/GEN_BKEND_CE_REGISTERS[23].ce_out_i[23]_i_1
INFO: [Physopt 32-662] Processed net ps/system_i/xadc/inst/AXI_LITE_IPIF_I/I_SLAVE_ATTACHMENT/I_DECODER/p_1_in.  Did not re-place instance ps/system_i/xadc/inst/AXI_LITE_IPIF_I/I_SLAVE_ATTACHMENT/I_DECODER/GEN_BKEND_CE_REGISTERS[23].ce_out_i_reg[23]
INFO: [Physopt 32-662] Processed net i_asg/chA/inst_axi_dac/set_a_ofs_reg[29][6].  Did not re-place instance i_asg/chA/inst_axi_dac/dac_pnt[6]_i_1
INFO: [Physopt 32-662] Processed net ps/system_i/xadc/inst/AXI_LITE_IPIF_I/I_SLAVE_ATTACHMENT/I_DECODER/ce_expnd_i_16.  Did not re-place instance ps/system_i/xadc/inst/AXI_LITE_IPIF_I/I_SLAVE_ATTACHMENT/I_DECODER/GEN_BKEND_CE_REGISTERS[8].ce_out_i[8]_i_1
INFO: [Physopt 32-662] Processed net i_asg/chA/dac_pnt_reg_n_0_[6].  Did not re-place instance i_asg/chA/dac_pnt_reg[6]
INFO: [Physopt 32-662] Processed net ps/system_i/xadc/inst/AXI_LITE_IPIF_I/I_SLAVE_ATTACHMENT/I_DECODER/p_16_in.  Did not re-place instance ps/system_i/xadc/inst/AXI_LITE_IPIF_I/I_SLAVE_ATTACHMENT/I_DECODER/GEN_BKEND_CE_REGISTERS[8].ce_out_i_reg[8]
INFO: [Physopt 32-662] Processed net ps/system_i/xadc/inst/AXI_LITE_IPIF_I/I_SLAVE_ATTACHMENT/I_DECODER/ce_expnd_i_14.  Did not re-place instance ps/system_i/xadc/inst/AXI_LITE_IPIF_I/I_SLAVE_ATTACHMENT/I_DECODER/GEN_BKEND_CE_REGISTERS[10].ce_out_i[10]_i_1
INFO: [Physopt 32-662] Processed net ps/system_i/xadc/inst/AXI_LITE_IPIF_I/I_SLAVE_ATTACHMENT/I_DECODER/p_14_in.  Did not re-place instance ps/system_i/xadc/inst/AXI_LITE_IPIF_I/I_SLAVE_ATTACHMENT/I_DECODER/GEN_BKEND_CE_REGISTERS[10].ce_out_i_reg[10]
INFO: [Physopt 32-662] Processed net ps/system_i/xadc/inst/AXI_LITE_IPIF_I/I_SLAVE_ATTACHMENT/I_DECODER/ce_expnd_i_21.  Did not re-place instance ps/system_i/xadc/inst/AXI_LITE_IPIF_I/I_SLAVE_ATTACHMENT/I_DECODER/GEN_BKEND_CE_REGISTERS[3].ce_out_i[3]_i_1
INFO: [Physopt 32-662] Processed net ps/system_i/xadc/inst/AXI_LITE_IPIF_I/I_SLAVE_ATTACHMENT/I_DECODER/p_21_in.  Did not re-place instance ps/system_i/xadc/inst/AXI_LITE_IPIF_I/I_SLAVE_ATTACHMENT/I_DECODER/GEN_BKEND_CE_REGISTERS[3].ce_out_i_reg[3]
INFO: [Physopt 32-662] Processed net ps/system_i/xadc/inst/AXI_LITE_IPIF_I/I_SLAVE_ATTACHMENT/I_DECODER/ce_expnd_i_17.  Did not re-place instance ps/system_i/xadc/inst/AXI_LITE_IPIF_I/I_SLAVE_ATTACHMENT/I_DECODER/GEN_BKEND_CE_REGISTERS[7].ce_out_i[7]_i_1
INFO: [Physopt 32-662] Processed net ps/system_i/xadc/inst/AXI_LITE_IPIF_I/I_SLAVE_ATTACHMENT/I_DECODER/ce_expnd_i_23.  Did not re-place instance ps/system_i/xadc/inst/AXI_LITE_IPIF_I/I_SLAVE_ATTACHMENT/I_DECODER/GEN_BKEND_CE_REGISTERS[1].ce_out_i[1]_i_1
INFO: [Physopt 32-662] Processed net ps/system_i/xadc/inst/AXI_LITE_IPIF_I/I_SLAVE_ATTACHMENT/I_DECODER/p_23_in.  Did not re-place instance ps/system_i/xadc/inst/AXI_LITE_IPIF_I/I_SLAVE_ATTACHMENT/I_DECODER/GEN_BKEND_CE_REGISTERS[1].ce_out_i_reg[1]
INFO: [Physopt 32-662] Processed net ps/system_i/xadc/inst/AXI_LITE_IPIF_I/I_SLAVE_ATTACHMENT/I_DECODER/p_17_in.  Did not re-place instance ps/system_i/xadc/inst/AXI_LITE_IPIF_I/I_SLAVE_ATTACHMENT/I_DECODER/GEN_BKEND_CE_REGISTERS[7].ce_out_i_reg[7]
INFO: [Physopt 32-663] Processed net ps/system_i/axi_protocol_converter_0/inst/gen_axilite.gen_b2s_conv.axilite_b2s/WR.aw_channel_0/cmd_translator_0/incr_cmd_0/sel_first_reg_0.  Re-placed instance ps/system_i/axi_protocol_converter_0/inst/gen_axilite.gen_b2s_conv.axilite_b2s/WR.aw_channel_0/cmd_translator_0/incr_cmd_0/sel_first_reg
INFO: [Physopt 32-662] Processed net ps/system_i/axi_protocol_converter_0/inst/gen_axilite.gen_b2s_conv.axilite_b2s/WR.aw_channel_0/cmd_translator_0/incr_cmd_0/m_axi_awaddr[11]_INST_0_i_1_n_0.  Did not re-place instance ps/system_i/axi_protocol_converter_0/inst/gen_axilite.gen_b2s_conv.axilite_b2s/WR.aw_channel_0/cmd_translator_0/incr_cmd_0/m_axi_awaddr[11]_INST_0_i_1
INFO: [Physopt 32-662] Processed net ps/system_i/axi_protocol_converter_0/inst/gen_axilite.gen_b2s_conv.axilite_b2s/WR.aw_channel_0/cmd_translator_0/incr_cmd_0/m_axi_awaddr[3].  Did not re-place instance ps/system_i/axi_protocol_converter_0/inst/gen_axilite.gen_b2s_conv.axilite_b2s/WR.aw_channel_0/cmd_translator_0/incr_cmd_0/m_axi_awaddr[3]_INST_0
INFO: [Physopt 32-663] Processed net ps/system_i/xadc/inst/AXI_XADC_CORE_I/bus2ip_addr[3].  Re-placed instance ps/system_i/xadc/inst/AXI_XADC_CORE_I/XADC_INST_i_9
INFO: [Physopt 32-662] Processed net i_asg/chA/inst_axi_dac/set_a_ofs_reg[29][42].  Did not re-place instance i_asg/chA/inst_axi_dac/dac_pnt[42]_i_1
INFO: [Physopt 32-662] Processed net i_asg/chA/dac_pnt_reg_n_0_[42].  Did not re-place instance i_asg/chA/dac_pnt_reg[42]
INFO: [Physopt 32-662] Processed net i_asg/chA/dac_pnt_reg_n_0_[4].  Did not re-place instance i_asg/chA/dac_pnt_reg[4]
INFO: [Physopt 32-662] Processed net i_asg/chA/dac_pnt[7]_i_6_n_0.  Did not re-place instance i_asg/chA/dac_pnt[7]_i_6
INFO: [Physopt 32-662] Processed net i_asg/chA/set_step_lo_reg[31]_0[1].  Did not re-place instance i_asg/chA/set_step_lo_reg[1]
INFO: [Physopt 32-662] Processed net i_asg/chA/inst_axi_dac/set_a_ofs_reg[29][36].  Did not re-place instance i_asg/chA/inst_axi_dac/dac_pnt[36]_i_1
INFO: [Physopt 32-662] Processed net i_asg/chA/dac_pnt_reg_n_0_[36].  Did not re-place instance i_asg/chA/dac_pnt_reg[36]
INFO: [Physopt 32-662] Processed net i_asg/chA/dac_pnt_reg_n_0_[2].  Did not re-place instance i_asg/chA/dac_pnt_reg[2]
INFO: [Physopt 32-662] Processed net i_asg/chA/dac_pnt[3]_i_4_n_0.  Did not re-place instance i_asg/chA/dac_pnt[3]_i_4
INFO: [Physopt 32-662] Processed net i_asg/chA/dac_pnt_reg_n_0_[3].  Did not re-place instance i_asg/chA/dac_pnt_reg[3]
INFO: [Physopt 32-662] Processed net i_asg/chA/dac_pnt[3]_i_3_n_0.  Did not re-place instance i_asg/chA/dac_pnt[3]_i_3
INFO: [Physopt 32-663] Processed net ps/system_i/axi_protocol_converter_0/inst/gen_axilite.gen_b2s_conv.axilite_b2s/WR.b_channel_0/bid_fifo_0/SR[0].  Re-placed instance ps/system_i/axi_protocol_converter_0/inst/gen_axilite.gen_b2s_conv.axilite_b2s/WR.b_channel_0/bid_fifo_0/bresp_cnt[7]_i_1
INFO: [Physopt 32-663] Processed net ps/system_i/axi_protocol_converter_0/inst/gen_axilite.gen_b2s_conv.axilite_b2s/WR.b_channel_0/bid_fifo_0/bresp_push.  Re-placed instance ps/system_i/axi_protocol_converter_0/inst/gen_axilite.gen_b2s_conv.axilite_b2s/WR.b_channel_0/bid_fifo_0/memory_reg[3][0]_srl4_i_1__0
INFO: [Physopt 32-663] Processed net ps/system_i/axi_protocol_converter_0/inst/gen_axilite.gen_b2s_conv.axilite_b2s/WR.b_channel_0/bid_fifo_0/memory_reg[3][0]_srl4_i_2_n_0.  Re-placed instance ps/system_i/axi_protocol_converter_0/inst/gen_axilite.gen_b2s_conv.axilite_b2s/WR.b_channel_0/bid_fifo_0/memory_reg[3][0]_srl4_i_2
INFO: [Physopt 32-662] Processed net ps/system_i/axi_protocol_converter_0/inst/gen_axilite.gen_b2s_conv.axilite_b2s/WR.b_channel_0/bid_fifo_0/memory_reg[3][3]_srl4_n_0.  Did not re-place instance ps/system_i/axi_protocol_converter_0/inst/gen_axilite.gen_b2s_conv.axilite_b2s/WR.b_channel_0/bid_fifo_0/memory_reg[3][3]_srl4
INFO: [Physopt 32-662] Processed net ps/system_i/axi_protocol_converter_0/inst/gen_axilite.gen_b2s_conv.axilite_b2s/WR.b_channel_0/bresp_cnt_reg[5].  Did not re-place instance ps/system_i/axi_protocol_converter_0/inst/gen_axilite.gen_b2s_conv.axilite_b2s/WR.b_channel_0/bresp_cnt_reg[5]
INFO: [Physopt 32-662] Processed net ps/system_i/axi_protocol_converter_0/inst/gen_axilite.gen_b2s_conv.axilite_b2s/WR.b_channel_0/bresp_cnt_reg[6].  Did not re-place instance ps/system_i/axi_protocol_converter_0/inst/gen_axilite.gen_b2s_conv.axilite_b2s/WR.b_channel_0/bresp_cnt_reg[6]
INFO: [Physopt 32-662] Processed net ps/system_i/axi_protocol_converter_0/inst/gen_axilite.gen_b2s_conv.axilite_b2s/WR.b_channel_0/bresp_cnt_reg[7].  Did not re-place instance ps/system_i/axi_protocol_converter_0/inst/gen_axilite.gen_b2s_conv.axilite_b2s/WR.b_channel_0/bresp_cnt_reg[7]
INFO: [Physopt 32-662] Processed net i_asg/chA/set_step_lo_reg[31]_0[2].  Did not re-place instance i_asg/chA/set_step_lo_reg[2]
INFO: [Physopt 32-662] Processed net i_asg/chA/inst_axi_dac/set_a_ofs_reg[29][30].  Did not re-place instance i_asg/chA/inst_axi_dac/dac_pnt[30]_i_1
INFO: [Physopt 32-662] Processed net i_asg/chA/dac_pnt_reg_n_0_[30].  Did not re-place instance i_asg/chA/dac_pnt_reg[30]
INFO: [Physopt 32-662] Processed net i_asg/chA/set_step_lo_reg[31]_0[0].  Did not re-place instance i_asg/chA/set_step_lo_reg[0]
INFO: [Physopt 32-662] Processed net ps/system_i/xadc/inst/AXI_LITE_IPIF_I/I_SLAVE_ATTACHMENT/I_DECODER/ce_expnd_i_20.  Did not re-place instance ps/system_i/xadc/inst/AXI_LITE_IPIF_I/I_SLAVE_ATTACHMENT/I_DECODER/GEN_BKEND_CE_REGISTERS[4].ce_out_i[4]_i_1
INFO: [Physopt 32-662] Processed net ps/system_i/xadc/inst/AXI_LITE_IPIF_I/I_SLAVE_ATTACHMENT/I_DECODER/p_20_in.  Did not re-place instance ps/system_i/xadc/inst/AXI_LITE_IPIF_I/I_SLAVE_ATTACHMENT/I_DECODER/GEN_BKEND_CE_REGISTERS[4].ce_out_i_reg[4]
INFO: [Physopt 32-662] Processed net i_asg/chA/set_step_lo_reg[31]_0[8].  Did not re-place instance i_asg/chA/set_step_lo_reg[9]
INFO: [Physopt 32-662] Processed net i_asg/chA/dac_pnt[11]_i_5_n_0.  Did not re-place instance i_asg/chA/dac_pnt[11]_i_5
INFO: [Physopt 32-662] Processed net i_asg/chA/inst_axi_dac/set_a_ofs_reg[29][29].  Did not re-place instance i_asg/chA/inst_axi_dac/dac_pnt[29]_i_1
INFO: [Physopt 32-662] Processed net i_asg/chA/dac_pnt_reg_n_0_[29].  Did not re-place instance i_asg/chA/dac_pnt_reg[29]
INFO: [Physopt 32-662] Processed net i_asg/chA/inst_axi_dac/set_a_ofs_reg[29][37].  Did not re-place instance i_asg/chA/inst_axi_dac/dac_pnt[37]_i_1
INFO: [Physopt 32-662] Processed net i_asg/chA/dac_pnt_reg_n_0_[37].  Did not re-place instance i_asg/chA/dac_pnt_reg[37]
INFO: [Physopt 32-662] Processed net i_asg/chA/inst_axi_dac/set_a_ofs_reg[29][34].  Did not re-place instance i_asg/chA/inst_axi_dac/dac_pnt[34]_i_1
INFO: [Physopt 32-662] Processed net i_asg/chA/dac_pnt_reg_n_0_[34].  Did not re-place instance i_asg/chA/dac_pnt_reg[34]
INFO: [Physopt 32-662] Processed net i_asg/chA/dac_pnt_reg_n_0_[5].  Did not re-place instance i_asg/chA/dac_pnt_reg[5]
INFO: [Physopt 32-662] Processed net i_asg/chA/dac_pnt[7]_i_5_n_0.  Did not re-place instance i_asg/chA/dac_pnt[7]_i_5
INFO: [Physopt 32-662] Processed net ps/system_i/xadc/inst/AXI_LITE_IPIF_I/I_SLAVE_ATTACHMENT/I_DECODER/ce_expnd_i_22.  Did not re-place instance ps/system_i/xadc/inst/AXI_LITE_IPIF_I/I_SLAVE_ATTACHMENT/I_DECODER/GEN_BKEND_CE_REGISTERS[2].ce_out_i[2]_i_1
INFO: [Physopt 32-662] Processed net ps/system_i/xadc/inst/AXI_LITE_IPIF_I/I_SLAVE_ATTACHMENT/I_DECODER/p_22_in.  Did not re-place instance ps/system_i/xadc/inst/AXI_LITE_IPIF_I/I_SLAVE_ATTACHMENT/I_DECODER/GEN_BKEND_CE_REGISTERS[2].ce_out_i_reg[2]
INFO: [Physopt 32-662] Processed net i_asg/chA/inst_axi_dac/set_a_ofs_reg[29][33].  Did not re-place instance i_asg/chA/inst_axi_dac/dac_pnt[33]_i_1
INFO: [Physopt 32-662] Processed net i_asg/chA/inst_axi_dac/set_a_ofs_reg[29][39].  Did not re-place instance i_asg/chA/inst_axi_dac/dac_pnt[39]_i_1
INFO: [Physopt 32-662] Processed net ps/system_i/xadc/inst/AXI_LITE_IPIF_I/I_SLAVE_ATTACHMENT/I_DECODER/ce_expnd_i_6.  Did not re-place instance ps/system_i/xadc/inst/AXI_LITE_IPIF_I/I_SLAVE_ATTACHMENT/I_DECODER/GEN_BKEND_CE_REGISTERS[18].ce_out_i[18]_i_1
INFO: [Physopt 32-662] Processed net ps/system_i/xadc/inst/AXI_LITE_IPIF_I/I_SLAVE_ATTACHMENT/I_DECODER/p_6_in.  Did not re-place instance ps/system_i/xadc/inst/AXI_LITE_IPIF_I/I_SLAVE_ATTACHMENT/I_DECODER/GEN_BKEND_CE_REGISTERS[18].ce_out_i_reg[18]
INFO: [Physopt 32-662] Processed net i_asg/chA/dac_pnt_reg_n_0_[33].  Did not re-place instance i_asg/chA/dac_pnt_reg[33]
INFO: [Physopt 32-662] Processed net i_asg/chA/dac_pnt_reg_n_0_[39].  Did not re-place instance i_asg/chA/dac_pnt_reg[39]
INFO: [Physopt 32-662] Processed net i_asg/chA/inst_axi_dac/set_a_ofs_reg[29][32].  Did not re-place instance i_asg/chA/inst_axi_dac/dac_pnt[32]_i_1
INFO: [Physopt 32-662] Processed net i_asg/chA/inst_axi_dac/set_a_ofs_reg[29][38].  Did not re-place instance i_asg/chA/inst_axi_dac/dac_pnt[38]_i_1
INFO: [Physopt 32-662] Processed net i_asg/chA/inst_axi_dac/set_a_ofs_reg[29][48].  Did not re-place instance i_asg/chA/inst_axi_dac/dac_pnt[48]_i_1
INFO: [Physopt 32-662] Processed net i_asg/chA/dac_pnt[48].  Did not re-place instance i_asg/chA/dac_pnt_reg[48]
INFO: [Physopt 32-662] Processed net i_asg/chA/dac_pnt_reg_n_0_[32].  Did not re-place instance i_asg/chA/dac_pnt_reg[32]
INFO: [Physopt 32-662] Processed net i_asg/chA/dac_pnt_reg_n_0_[38].  Did not re-place instance i_asg/chA/dac_pnt_reg[38]
INFO: [Physopt 32-662] Processed net i_asg/chA/dac_pnt[32]_i_6_n_0.  Did not re-place instance i_asg/chA/dac_pnt[32]_i_6
INFO: [Physopt 32-662] Processed net i_asg/chA/dac_pnt[36]_i_6_n_0.  Did not re-place instance i_asg/chA/dac_pnt[36]_i_6
INFO: [Physopt 32-662] Processed net i_asg/chA/dac_pnt[40]_i_6_n_0.  Did not re-place instance i_asg/chA/dac_pnt[40]_i_6
INFO: [Physopt 32-662] Processed net i_asg/chA/dac_pnt[44]_i_6_n_0.  Did not re-place instance i_asg/chA/dac_pnt[44]_i_6
INFO: [Physopt 32-662] Processed net i_asg/chA/dac_pnt[48]_i_6_n_0.  Did not re-place instance i_asg/chA/dac_pnt[48]_i_6
INFO: [Physopt 32-662] Processed net i_asg/chA/dac_pnt[52]_i_6_n_0.  Did not re-place instance i_asg/chA/dac_pnt[52]_i_6
INFO: [Physopt 32-662] Processed net i_asg/chA/dac_pnt[56]_i_6_n_0.  Did not re-place instance i_asg/chA/dac_pnt[56]_i_6
INFO: [Physopt 32-662] Processed net i_asg/chA/dac_pnt[60]_i_6_n_0.  Did not re-place instance i_asg/chA/dac_pnt[60]_i_6
INFO: [Physopt 32-662] Processed net i_asg/chA/dac_pnt[8]_i_6_n_0.  Did not re-place instance i_asg/chA/dac_pnt[8]_i_6
INFO: [Physopt 32-662] Processed net i_asg/chA/inst_axi_dac/set_a_ofs_reg[29][40].  Did not re-place instance i_asg/chA/inst_axi_dac/dac_pnt[40]_i_1
INFO: [Physopt 32-662] Processed net i_asg/chA/dac_pnt_reg_n_0_[40].  Did not re-place instance i_asg/chA/dac_pnt_reg[40]
INFO: [Physopt 32-662] Processed net i_asg/chB/inst_axi_dac/dac_pnt[61]_i_4__0_n_0.  Did not re-place instance i_asg/chB/inst_axi_dac/dac_pnt[61]_i_4__0
INFO: [Physopt 32-662] Processed net i_asg/chB/dac_pnt_reg_n_0_[16].  Did not re-place instance i_asg/chB/dac_pnt_reg[16]
INFO: [Physopt 32-662] Processed net i_asg/chB/dac_pnt[19]_i_6__0_n_0.  Did not re-place instance i_asg/chB/dac_pnt[19]_i_6__0
INFO: [Physopt 32-662] Processed net i_asg/chB/dac_pnt[24]_i_6__0_n_0.  Did not re-place instance i_asg/chB/dac_pnt[24]_i_6__0
INFO: [Physopt 32-662] Processed net i_asg/chB/dac_pnt[28]_i_6__0_n_0.  Did not re-place instance i_asg/chB/dac_pnt[28]_i_6__0
INFO: [Physopt 32-662] Processed net i_asg/chB/dac_pnt[32]_i_6__0_n_0.  Did not re-place instance i_asg/chB/dac_pnt[32]_i_6__0
INFO: [Physopt 32-662] Processed net i_asg/chB/dac_pnt[36]_i_6__0_n_0.  Did not re-place instance i_asg/chB/dac_pnt[36]_i_6__0
INFO: [Physopt 32-662] Processed net i_asg/chB/dac_pnt[40]_i_6__0_n_0.  Did not re-place instance i_asg/chB/dac_pnt[40]_i_6__0
INFO: [Physopt 32-662] Processed net i_asg/chB/dac_pnt[44]_i_6__0_n_0.  Did not re-place instance i_asg/chB/dac_pnt[44]_i_6__0
INFO: [Physopt 32-662] Processed net i_asg/chB/dac_pnt[48]_i_6__0_n_0.  Did not re-place instance i_asg/chB/dac_pnt[48]_i_6__0
INFO: [Physopt 32-662] Processed net i_asg/chB/dac_pnt[52]_i_6__0_n_0.  Did not re-place instance i_asg/chB/dac_pnt[52]_i_6__0
INFO: [Physopt 32-662] Processed net i_asg/chB/dac_pnt[56]_i_6__0_n_0.  Did not re-place instance i_asg/chB/dac_pnt[56]_i_6__0
INFO: [Physopt 32-662] Processed net i_asg/chB/dac_pnt[60]_i_6__0_n_0.  Did not re-place instance i_asg/chB/dac_pnt[60]_i_6__0
INFO: [Physopt 32-663] Processed net i_asg/chB/dac_pnt[61]_i_11_n_0.  Re-placed instance i_asg/chB/dac_pnt[61]_i_11
INFO: [Physopt 32-662] Processed net i_asg/chB/inst_axi_dac/set_b_ofs_reg[29][5].  Did not re-place instance i_asg/chB/inst_axi_dac/dac_pnt[5]_i_1__1
INFO: [Physopt 32-662] Processed net i_asg/chB/dac_pnt_reg_n_0_[5].  Did not re-place instance i_asg/chB/dac_pnt_reg[5]
INFO: [Physopt 32-662] Processed net i_asg/chA/inst_axi_dac/set_a_ofs_reg[29][59].  Did not re-place instance i_asg/chA/inst_axi_dac/dac_pnt[59]_i_1
INFO: [Physopt 32-662] Processed net i_asg/chA/dac_pnt[59].  Did not re-place instance i_asg/chA/dac_pnt_reg[59]
INFO: [Physopt 32-663] Processed net ps/system_i/axi_protocol_converter_0/inst/gen_axilite.gen_b2s_conv.axilite_b2s/WR.b_channel_0/bid_fifo_0/cnt_read[0].  Re-placed instance ps/system_i/axi_protocol_converter_0/inst/gen_axilite.gen_b2s_conv.axilite_b2s/WR.b_channel_0/bid_fifo_0/cnt_read_reg[0]
INFO: [Physopt 32-662] Processed net ps/system_i/axi_protocol_converter_0/inst/gen_axilite.gen_b2s_conv.axilite_b2s/WR.b_channel_0/bid_fifo_0/m_axi_awready_0.  Did not re-place instance ps/system_i/axi_protocol_converter_0/inst/gen_axilite.gen_b2s_conv.axilite_b2s/WR.b_channel_0/bid_fifo_0/next_pending_r_i_3
INFO: [Physopt 32-663] Processed net ps/system_i/axi_protocol_converter_0/inst/gen_axilite.gen_b2s_conv.axilite_b2s/WR.b_channel_0/bid_fifo_0/FSM_sequential_state[0]_i_2_n_0.  Re-placed instance ps/system_i/axi_protocol_converter_0/inst/gen_axilite.gen_b2s_conv.axilite_b2s/WR.b_channel_0/bid_fifo_0/FSM_sequential_state[0]_i_2
INFO: [Physopt 32-662] Processed net ps/system_i/axi_protocol_converter_0/inst/gen_axilite.gen_b2s_conv.axilite_b2s/WR.aw_channel_0/cmd_translator_0/incr_cmd_0/S[1].  Did not re-place instance ps/system_i/axi_protocol_converter_0/inst/gen_axilite.gen_b2s_conv.axilite_b2s/WR.aw_channel_0/cmd_translator_0/incr_cmd_0/axaddr_incr[3]_i_9
INFO: [Physopt 32-662] Processed net ps/system_i/axi_protocol_converter_0/inst/gen_axilite.gen_b2s_conv.axilite_b2s/WR.aw_channel_0/cmd_translator_0/incr_cmd_0/p_1_in[9].  Did not re-place instance ps/system_i/axi_protocol_converter_0/inst/gen_axilite.gen_b2s_conv.axilite_b2s/WR.aw_channel_0/cmd_translator_0/incr_cmd_0/axaddr_incr[9]_i_1
INFO: [Physopt 32-662] Processed net ps/system_i/axi_protocol_converter_0/inst/gen_axilite.gen_b2s_conv.axilite_b2s/WR.aw_channel_0/cmd_translator_0/incr_cmd_0/axaddr_incr_reg_n_0_[9].  Did not re-place instance ps/system_i/axi_protocol_converter_0/inst/gen_axilite.gen_b2s_conv.axilite_b2s/WR.aw_channel_0/cmd_translator_0/incr_cmd_0/axaddr_incr_reg[9]
INFO: [Physopt 32-662] Processed net i_asg/chB/dac_do.  Did not re-place instance i_asg/chB/dac_do_reg
INFO: [Physopt 32-662] Processed net i_asg/chB/dac_pnt[12]_i_6__0_n_0.  Did not re-place instance i_asg/chB/dac_pnt[12]_i_6__0
INFO: [Physopt 32-662] Processed net i_asg/chB/dac_pnt[16]_i_6__0_n_0.  Did not re-place instance i_asg/chB/dac_pnt[16]_i_6__0
INFO: [Physopt 32-662] Processed net i_asg/chB/dac_pnt[20]_i_6__0_n_0.  Did not re-place instance i_asg/chB/dac_pnt[20]_i_6__0
INFO: [Physopt 32-662] Processed net i_asg/chB/dac_pnt[7]_i_5__0_n_0.  Did not re-place instance i_asg/chB/dac_pnt[7]_i_5__0
INFO: [Physopt 32-662] Processed net i_asg/chA/inst_axi_dac/set_a_ofs_reg[29][47].  Did not re-place instance i_asg/chA/inst_axi_dac/dac_pnt[47]_i_1
INFO: [Physopt 32-662] Processed net i_asg/chA/dac_pnt_reg_n_0_[47].  Did not re-place instance i_asg/chA/dac_pnt_reg[47]
INFO: [Physopt 32-663] Processed net ps/system_i/axi_protocol_converter_0/inst/gen_axilite.gen_b2s_conv.axilite_b2s/WR.b_channel_0/bid_fifo_0/cnt_read[1].  Re-placed instance ps/system_i/axi_protocol_converter_0/inst/gen_axilite.gen_b2s_conv.axilite_b2s/WR.b_channel_0/bid_fifo_0/cnt_read_reg[1]
INFO: [Physopt 32-662] Processed net i_asg/chA/inst_axi_dac/dac_pnt[61]_i_7_n_0.  Did not re-place instance i_asg/chA/inst_axi_dac/dac_pnt[61]_i_7
INFO: [Physopt 32-663] Processed net i_asg/chA/set_step_lo_reg[31]_0[12].  Re-placed instance i_asg/chA/set_step_lo_reg[13]
INFO: [Physopt 32-662] Processed net i_asg/chA/dac_pnt[12]_i_3_n_0.  Did not re-place instance i_asg/chA/dac_pnt[12]_i_3
INFO: [Physopt 32-662] Processed net i_asg/chA/dac_pnt[15]_i_5_n_0.  Did not re-place instance i_asg/chA/dac_pnt[15]_i_5
INFO: [Physopt 32-662] Processed net i_asg/chA/dac_pnt[16]_i_3_n_0.  Did not re-place instance i_asg/chA/dac_pnt[16]_i_3
INFO: [Physopt 32-662] Processed net i_asg/chA/dac_pnt[20]_i_3_n_0.  Did not re-place instance i_asg/chA/dac_pnt[20]_i_3
INFO: [Physopt 32-662] Processed net i_asg/chA/set_step_lo_reg[31]_0[4].  Did not re-place instance i_asg/chA/set_step_lo_reg[4]
INFO: [Physopt 32-662] Processed net i_asg/chA/dac_do.  Did not re-place instance i_asg/chA/dac_do_reg
INFO: [Physopt 32-663] Processed net i_asg/chB/inst_axi_dac/data[3].  Re-placed instance i_asg/chB/inst_axi_dac/req_fifo_out_r_reg[35]
INFO: [Physopt 32-662] Processed net i_asg/chA/inst_axi_dac/set_a_ofs_reg[29][44].  Did not re-place instance i_asg/chA/inst_axi_dac/dac_pnt[44]_i_1
INFO: [Physopt 32-662] Processed net i_asg/chA/inst_axi_dac/set_a_ofs_reg[29][56].  Did not re-place instance i_asg/chA/inst_axi_dac/dac_pnt[56]_i_1
INFO: [Physopt 32-662] Processed net i_asg/chA/dac_pnt[56].  Did not re-place instance i_asg/chA/dac_pnt_reg[56]
INFO: [Physopt 32-662] Processed net i_asg/chA/dac_pnt_reg_n_0_[44].  Did not re-place instance i_asg/chA/dac_pnt_reg[44]
INFO: [Physopt 32-662] Processed net i_asg/chA/inst_axi_dac/set_a_ofs_reg[29][1].  Did not re-place instance i_asg/chA/inst_axi_dac/dac_pnt[1]_i_1
INFO: [Physopt 32-663] Processed net ps/system_i/axi_protocol_converter_0/inst/gen_axilite.gen_b2s_conv.axilite_b2s/SI_REG/ar.ar_pipe/Q[36].  Re-placed instance ps/system_i/axi_protocol_converter_0/inst/gen_axilite.gen_b2s_conv.axilite_b2s/SI_REG/ar.ar_pipe/m_payload_i_reg[36]
INFO: [Physopt 32-662] Processed net i_asg/chA/inst_axi_dac/set_a_ofs_reg[29][55].  Did not re-place instance i_asg/chA/inst_axi_dac/dac_pnt[55]_i_1
INFO: [Physopt 32-662] Processed net ps/system_i/axi_protocol_converter_0/inst/gen_axilite.gen_b2s_conv.axilite_b2s/RD.ar_channel_0/cmd_translator_0/incr_cmd_0/axaddr_incr[9]_i_1__0_n_0.  Did not re-place instance ps/system_i/axi_protocol_converter_0/inst/gen_axilite.gen_b2s_conv.axilite_b2s/RD.ar_channel_0/cmd_translator_0/incr_cmd_0/axaddr_incr[9]_i_1__0
INFO: [Physopt 32-663] Processed net ps/system_i/axi_protocol_converter_0/inst/gen_axilite.gen_b2s_conv.axilite_b2s/SI_REG/ar.ar_pipe/axaddr_incr[3]_i_6__0_n_0.  Re-placed instance ps/system_i/axi_protocol_converter_0/inst/gen_axilite.gen_b2s_conv.axilite_b2s/SI_REG/ar.ar_pipe/axaddr_incr[3]_i_6__0
INFO: [Physopt 32-662] Processed net i_asg/chA/dac_pnt[55].  Did not re-place instance i_asg/chA/dac_pnt_reg[55]
INFO: [Physopt 32-662] Processed net ps/system_i/axi_protocol_converter_0/inst/gen_axilite.gen_b2s_conv.axilite_b2s/RD.ar_channel_0/cmd_translator_0/incr_cmd_0/axaddr_incr_reg_n_0_[9].  Did not re-place instance ps/system_i/axi_protocol_converter_0/inst/gen_axilite.gen_b2s_conv.axilite_b2s/RD.ar_channel_0/cmd_translator_0/incr_cmd_0/axaddr_incr_reg[9]
INFO: [Physopt 32-662] Processed net i_asg/chB/dac_pnt_reg_n_0_[1].  Did not re-place instance i_asg/chB/dac_pnt_reg[1]
INFO: [Physopt 32-663] Processed net i_asg/chA/set_step_lo_reg[31]_0[5].  Re-placed instance i_asg/chA/set_step_lo_reg[5]
INFO: [Physopt 32-662] Processed net i_asg/chB/dac_pnt[3]_i_5__0_n_0.  Did not re-place instance i_asg/chB/dac_pnt[3]_i_5__0
INFO: [Physopt 32-662] Processed net i_asg/chB/dac_pnt[8]_i_6__0_n_0.  Did not re-place instance i_asg/chB/dac_pnt[8]_i_6__0
INFO: [Physopt 32-662] Processed net i_asg/chB/dac_pnt_reg_n_0_[2].  Did not re-place instance i_asg/chB/dac_pnt_reg[2]
INFO: [Physopt 32-662] Processed net i_asg/chB/dac_pnt[3]_i_4__0_n_0.  Did not re-place instance i_asg/chB/dac_pnt[3]_i_4__0
INFO: [Physopt 32-662] Processed net ps/system_i/axi_protocol_converter_0/inst/gen_axilite.gen_b2s_conv.axilite_b2s/WR.aw_channel_0/cmd_translator_0/incr_cmd_0/S[0].  Did not re-place instance ps/system_i/axi_protocol_converter_0/inst/gen_axilite.gen_b2s_conv.axilite_b2s/WR.aw_channel_0/cmd_translator_0/incr_cmd_0/axaddr_incr[3]_i_10
INFO: [Physopt 32-662] Processed net i_asg/chB/dac_pnt_reg_n_0_[20].  Did not re-place instance i_asg/chB/dac_pnt_reg[20]
INFO: [Physopt 32-662] Processed net i_asg/chA/set_step_lo_reg[31]_0[3].  Did not re-place instance i_asg/chA/set_step_lo_reg[3]
INFO: [Physopt 32-662] Processed net i_asg/chB/dac_pnt[23]_i_6__0_n_0.  Did not re-place instance i_asg/chB/dac_pnt[23]_i_6__0
INFO: [Physopt 32-662] Processed net i_asg/chB/dac_pnt[7]_i_6__0_n_0.  Did not re-place instance i_asg/chB/dac_pnt[7]_i_6__0
INFO: [Physopt 32-662] Processed net i_asg/chB/dac_pnt_reg_n_0_[3].  Did not re-place instance i_asg/chB/dac_pnt_reg[3]
INFO: [Physopt 32-662] Processed net i_asg/chB/dac_pnt[3]_i_3__0_n_0.  Did not re-place instance i_asg/chB/dac_pnt[3]_i_3__0
INFO: [Physopt 32-662] Processed net i_asg/chA/dac_pnt[12]_i_4_n_0.  Did not re-place instance i_asg/chA/dac_pnt[12]_i_4
INFO: [Physopt 32-662] Processed net i_asg/chA/dac_pnt[16]_i_4_n_0.  Did not re-place instance i_asg/chA/dac_pnt[16]_i_4
INFO: [Physopt 32-662] Processed net i_asg/chA/dac_pnt[20]_i_4_n_0.  Did not re-place instance i_asg/chA/dac_pnt[20]_i_4
INFO: [Physopt 32-662] Processed net i_asg/chA/dac_pnt[28]_i_4_n_0.  Did not re-place instance i_asg/chA/dac_pnt[28]_i_4
INFO: [Physopt 32-662] Processed net i_asg/chB/inst_axi_dac/set_b_ofs_reg[29][47].  Did not re-place instance i_asg/chB/inst_axi_dac/dac_pnt[47]_i_1__0
INFO: [Physopt 32-662] Processed net i_asg/chB/dac_pnt_reg_n_0_[47].  Did not re-place instance i_asg/chB/dac_pnt_reg[47]
INFO: [Physopt 32-662] Processed net i_asg/chA/inst_axi_dac/set_a_ofs_reg[29][46].  Did not re-place instance i_asg/chA/inst_axi_dac/dac_pnt[46]_i_1
INFO: [Physopt 32-662] Processed net i_asg/chA/dac_pnt_reg_n_0_[46].  Did not re-place instance i_asg/chA/dac_pnt_reg[46]
INFO: [Physopt 32-662] Processed net i_asg/chB/set_step_lo_reg[31]_0[5].  Did not re-place instance i_asg/chB/set_step_lo_reg[5]
INFO: [Physopt 32-663] Processed net i_asg/chB/set_step_lo_reg[31]_0[7].  Re-placed instance i_asg/chB/set_step_lo_reg[7]
INFO: [Physopt 32-662] Processed net i_asg/chB/dac_pnt[7]_i_3__0_n_0.  Did not re-place instance i_asg/chB/dac_pnt[7]_i_3__0
INFO: [Physopt 32-662] Processed net i_asg/chB/inst_axi_dac/set_b_ofs_reg[29][43].  Did not re-place instance i_asg/chB/inst_axi_dac/dac_pnt[43]_i_1__0
INFO: [Physopt 32-662] Processed net ps/system_i/xadc/inst/AXI_LITE_IPIF_I/I_SLAVE_ATTACHMENT/I_DECODER/ce_expnd_i_8.  Did not re-place instance ps/system_i/xadc/inst/AXI_LITE_IPIF_I/I_SLAVE_ATTACHMENT/I_DECODER/GEN_BKEND_CE_REGISTERS[16].ce_out_i[16]_i_1
INFO: [Physopt 32-662] Processed net ps/system_i/xadc/inst/AXI_LITE_IPIF_I/I_SLAVE_ATTACHMENT/I_DECODER/p_8_in.  Did not re-place instance ps/system_i/xadc/inst/AXI_LITE_IPIF_I/I_SLAVE_ATTACHMENT/I_DECODER/GEN_BKEND_CE_REGISTERS[16].ce_out_i_reg[16]
INFO: [Physopt 32-662] Processed net i_asg/chB/dac_pnt_reg_n_0_[43].  Did not re-place instance i_asg/chB/dac_pnt_reg[43]
INFO: [Physopt 32-662] Processed net i_asg/chA/inst_axi_dac/set_a_ofs_reg[29][52].  Did not re-place instance i_asg/chA/inst_axi_dac/dac_pnt[52]_i_1
INFO: [Physopt 32-662] Processed net i_asg/chB/inst_axi_dac/set_b_ofs_reg[29][34].  Did not re-place instance i_asg/chB/inst_axi_dac/dac_pnt[34]_i_1__0
INFO: [Physopt 32-662] Processed net i_asg/chA/dac_pnt[52].  Did not re-place instance i_asg/chA/dac_pnt_reg[52]
INFO: [Physopt 32-662] Processed net i_asg/chB/dac_pnt_reg_n_0_[34].  Did not re-place instance i_asg/chB/dac_pnt_reg[34]
INFO: [Physopt 32-662] Processed net i_asg/chB/inst_axi_dac/dac_pnt[61]_i_3__0_n_0.  Did not re-place instance i_asg/chB/inst_axi_dac/dac_pnt[61]_i_3__0
INFO: [Physopt 32-663] Processed net i_asg/chB/dac_pnt[61]_i_8__0_n_0.  Re-placed instance i_asg/chB/dac_pnt[61]_i_8__0
INFO: [Physopt 32-662] Processed net i_asg/chB/inst_axi_dac/set_b_ofs_reg[29][10].  Did not re-place instance i_asg/chB/inst_axi_dac/dac_pnt[10]_i_1__1
INFO: [Physopt 32-662] Processed net i_asg/chB/inst_axi_dac/set_b_ofs_reg[29][40].  Did not re-place instance i_asg/chB/inst_axi_dac/dac_pnt[40]_i_1__0
INFO: [Physopt 32-662] Processed net i_asg/chB/inst_axi_dac/set_b_ofs_reg[29][42].  Did not re-place instance i_asg/chB/inst_axi_dac/dac_pnt[42]_i_1__0
INFO: [Physopt 32-662] Processed net i_asg/chB/dac_pnt_reg_n_0_[10].  Did not re-place instance i_asg/chB/dac_pnt_reg[10]
INFO: [Physopt 32-662] Processed net i_asg/chB/dac_pnt_reg_n_0_[40].  Did not re-place instance i_asg/chB/dac_pnt_reg[40]
INFO: [Physopt 32-662] Processed net i_asg/chB/dac_pnt_reg_n_0_[42].  Did not re-place instance i_asg/chB/dac_pnt_reg[42]
INFO: [Physopt 32-662] Processed net i_asg/chB/dac_pnt_reg_n_0_[0].  Did not re-place instance i_asg/chB/dac_pnt_reg[0]
INFO: [Physopt 32-662] Processed net i_asg/chB/dac_pnt[3]_i_6__0_n_0.  Did not re-place instance i_asg/chB/dac_pnt[3]_i_6__0
INFO: [Physopt 32-662] Processed net i_scope/genblk1[0].i_calib_ch/offset_calc_r_reg_n_0_[1].  Did not re-place instance i_scope/genblk1[0].i_calib_ch/offset_calc_r_reg[1]
INFO: [Physopt 32-663] Processed net i_scope/genblk1[0].i_calib_ch/p_1_in[16].  Re-placed instance i_scope/genblk1[0].i_calib_ch/gain_calc_r1_i_1
INFO: [Physopt 32-662] Processed net i_asg/chB/inst_axi_dac/set_b_ofs_reg[29][46].  Did not re-place instance i_asg/chB/inst_axi_dac/dac_pnt[46]_i_1__0
INFO: [Physopt 32-662] Processed net i_asg/chB/dac_pnt_reg_n_0_[46].  Did not re-place instance i_asg/chB/dac_pnt_reg[46]
INFO: [Physopt 32-662] Processed net i_asg/chA/inst_axi_dac/set_a_ofs_reg[29][35].  Did not re-place instance i_asg/chA/inst_axi_dac/dac_pnt[35]_i_1
INFO: [Physopt 32-662] Processed net i_asg/chB/inst_axi_dac/set_b_ofs_reg[29][13].  Did not re-place instance i_asg/chB/inst_axi_dac/dac_pnt[13]_i_1__1
INFO: [Physopt 32-662] Processed net i_asg/chB/inst_axi_dac/set_b_ofs_reg[29][37].  Did not re-place instance i_asg/chB/inst_axi_dac/dac_pnt[37]_i_1__0
INFO: [Physopt 32-662] Processed net i_asg/chA/dac_pnt_reg_n_0_[35].  Did not re-place instance i_asg/chA/dac_pnt_reg[35]
INFO: [Physopt 32-662] Processed net i_asg/chB/dac_pnt_reg_n_0_[13].  Did not re-place instance i_asg/chB/dac_pnt_reg[13]
INFO: [Physopt 32-662] Processed net i_asg/chB/dac_pnt_reg_n_0_[37].  Did not re-place instance i_asg/chB/dac_pnt_reg[37]
INFO: [Physopt 32-662] Processed net i_asg/chA/inst_axi_dac/set_a_ofs_reg[29][3].  Did not re-place instance i_asg/chA/inst_axi_dac/dac_pnt[3]_i_1
INFO: [Physopt 32-662] Processed net i_asg/chA/inst_axi_dac/set_a_ofs_reg[29][5].  Did not re-place instance i_asg/chA/inst_axi_dac/dac_pnt[5]_i_1
INFO: [Physopt 32-663] Processed net ps/axi_master_3/axi_rfill_lvl16_out__0.  Re-placed instance ps/axi_master_3/axi_rfill_lvl[3]_i_3__0
INFO: [Physopt 32-662] Processed net ps/axi_master_3/axi_rfill_lvl[3]_i_2__2_n_0.  Did not re-place instance ps/axi_master_3/axi_rfill_lvl[3]_i_2__2
INFO: [Physopt 32-662] Processed net ps/axi_master_3/axi_rfill_lvl_reg[3].  Did not re-place instance ps/axi_master_3/axi_rfill_lvl_reg[3]
INFO: [Physopt 32-662] Processed net i_asg/chB/inst_axi_dac/set_b_ofs_reg[29][32].  Did not re-place instance i_asg/chB/inst_axi_dac/dac_pnt[32]_i_1__0
INFO: [Physopt 32-662] Processed net i_asg/chB/inst_axi_dac/set_b_ofs_reg[29][35].  Did not re-place instance i_asg/chB/inst_axi_dac/dac_pnt[35]_i_1__0
INFO: [Physopt 32-662] Processed net i_asg/chB/dac_pnt_reg_n_0_[32].  Did not re-place instance i_asg/chB/dac_pnt_reg[32]
INFO: [Physopt 32-662] Processed net i_asg/chB/dac_pnt_reg_n_0_[35].  Did not re-place instance i_asg/chB/dac_pnt_reg[35]
INFO: [Physopt 32-662] Processed net i_asg/chA/inst_axi_dac/set_a_ofs_reg[29][23].  Did not re-place instance i_asg/chA/inst_axi_dac/dac_pnt[23]_i_1
INFO: [Physopt 32-662] Processed net i_asg/chA/dac_pnt_reg_n_0_[23].  Did not re-place instance i_asg/chA/dac_pnt_reg[23]
INFO: [Physopt 32-662] Processed net i_asg/chB/inst_axi_dac/set_b_ofs_reg[29][33].  Did not re-place instance i_asg/chB/inst_axi_dac/dac_pnt[33]_i_1__0
INFO: [Physopt 32-662] Processed net i_asg/chB/dac_pnt_reg_n_0_[33].  Did not re-place instance i_asg/chB/dac_pnt_reg[33]
INFO: [Physopt 32-662] Processed net i_asg/chB/dac_pnt_reg_n_0_[17].  Did not re-place instance i_asg/chB/dac_pnt_reg[17]
INFO: [Physopt 32-662] Processed net i_asg/chB/dac_pnt[19]_i_5__0_n_0.  Did not re-place instance i_asg/chB/dac_pnt[19]_i_5__0
INFO: [Physopt 32-662] Processed net i_asg/chB/inst_axi_dac/set_b_ofs_reg[29][53].  Did not re-place instance i_asg/chB/inst_axi_dac/dac_pnt[53]_i_1__0
INFO: [Physopt 32-662] Processed net i_asg/chB/dac_pnt[53].  Did not re-place instance i_asg/chB/dac_pnt_reg[53]
INFO: [Physopt 32-662] Processed net i_asg/chA/inst_axi_dac/set_a_ofs_reg[29][7].  Did not re-place instance i_asg/chA/inst_axi_dac/dac_pnt[7]_i_1
INFO: [Physopt 32-662] Processed net i_asg/chB/inst_axi_dac/set_b_ofs_reg[29][38].  Did not re-place instance i_asg/chB/inst_axi_dac/dac_pnt[38]_i_1__0
INFO: [Physopt 32-662] Processed net i_asg/chB/inst_axi_dac/set_b_ofs_reg[29][54].  Did not re-place instance i_asg/chB/inst_axi_dac/dac_pnt[54]_i_1__0
INFO: [Physopt 32-662] Processed net i_asg/chB/dac_pnt[54].  Did not re-place instance i_asg/chB/dac_pnt_reg[54]
INFO: [Physopt 32-662] Processed net i_asg/chA/dac_pnt_reg_n_0_[7].  Did not re-place instance i_asg/chA/dac_pnt_reg[7]
INFO: [Physopt 32-662] Processed net i_asg/chB/dac_pnt_reg_n_0_[38].  Did not re-place instance i_asg/chB/dac_pnt_reg[38]
INFO: [Physopt 32-662] Processed net i_asg/chA/dac_pnt_reg_n_0_[8].  Did not re-place instance i_asg/chA/dac_pnt_reg[8]
INFO: [Physopt 32-662] Processed net i_asg/chA/dac_pnt[11]_i_6_n_0.  Did not re-place instance i_asg/chA/dac_pnt[11]_i_6
INFO: [Physopt 32-662] Processed net i_asg/chA/inst_axi_dac/set_a_ofs_reg[29][57].  Did not re-place instance i_asg/chA/inst_axi_dac/dac_pnt[57]_i_1
INFO: [Physopt 32-662] Processed net i_asg/chB/inst_axi_dac/set_b_ofs_reg[29][44].  Did not re-place instance i_asg/chB/inst_axi_dac/dac_pnt[44]_i_1__0
INFO: [Physopt 32-662] Processed net ps/system_i/axi_protocol_converter_0/inst/gen_axilite.gen_b2s_conv.axilite_b2s/WR.b_channel_0/bresp_cnt_reg[0].  Did not re-place instance ps/system_i/axi_protocol_converter_0/inst/gen_axilite.gen_b2s_conv.axilite_b2s/WR.b_channel_0/bresp_cnt_reg[0]
INFO: [Physopt 32-662] Processed net ps/system_i/axi_protocol_converter_0/inst/gen_axilite.gen_b2s_conv.axilite_b2s/WR.b_channel_0/bresp_cnt_reg[1].  Did not re-place instance ps/system_i/axi_protocol_converter_0/inst/gen_axilite.gen_b2s_conv.axilite_b2s/WR.b_channel_0/bresp_cnt_reg[1]
INFO: [Physopt 32-662] Processed net i_asg/chA/dac_pnt[57].  Did not re-place instance i_asg/chA/dac_pnt_reg[57]
INFO: [Physopt 32-661] Optimized 21 nets.  Re-placed 21 instances.
INFO: [Physopt 32-775] End 1 Pass. Optimized 21 nets or cells. Created 0 new cell, deleted 0 existing cell and moved 21 existing cells
INFO: [Physopt 32-619] Estimated Timing Summary | WNS=-0.003 | TNS=-0.004 |
Netlist sorting complete. Time (s): cpu = 00:00:00 ; elapsed = 00:00:00.022 . Memory (MB): peak = 1794.730 ; gain = 0.000
Phase 4 Single Cell Placement Optimization | Checksum: 18187e790

Time (s): cpu = 00:00:55 ; elapsed = 00:00:32 . Memory (MB): peak = 1794.730 ; gain = 0.000

Phase 5 Multi Cell Placement Optimization
INFO: [Physopt 32-660] Identified 100 candidate nets for placement-based optimization.
INFO: [Physopt 32-662] Processed net i_asg/chA/inst_axi_dac/dac_pnt[61]_i_3_n_0.  Did not re-place instance i_asg/chA/inst_axi_dac/dac_pnt[61]_i_3/O
INFO: [Physopt 32-662] Processed net i_asg/chA/dac_pnt_reg_n_0_[1].  Did not re-place instance i_asg/chA/dac_pnt_reg[1]/Q
INFO: [Physopt 32-662] Processed net i_asg/chA/dac_pnt[61]_i_8_n_0.  Did not re-place instance i_asg/chA/dac_pnt[61]_i_8/O
INFO: [Physopt 32-662] Processed net i_asg/chA/inst_axi_dac/set_a_ofs_reg[29][43].  Did not re-place instance i_asg/chA/inst_axi_dac/dac_pnt[43]_i_1/O
INFO: [Physopt 32-662] Processed net i_asg/chA/inst_axi_dac/set_a_ofs_reg[29][60].  Did not re-place instance i_asg/chA/inst_axi_dac/dac_pnt[60]_i_1/O
INFO: [Physopt 32-661] Optimized 0 net.  Re-placed 0 instance.
INFO: [Physopt 32-775] End 1 Pass. Optimized 0 net or cell. Created 0 new cell, deleted 0 existing cell and moved 0 existing cell
Netlist sorting complete. Time (s): cpu = 00:00:01 ; elapsed = 00:00:00.016 . Memory (MB): peak = 1794.730 ; gain = 0.000
Phase 5 Multi Cell Placement Optimization | Checksum: 1699f1e75

Time (s): cpu = 00:00:58 ; elapsed = 00:00:34 . Memory (MB): peak = 1794.730 ; gain = 0.000

Phase 6 Rewire
INFO: [Physopt 32-246] Starting Signal Push optimization...
INFO: [Physopt 32-241] No nets found for rewiring () optimization.
INFO: [Physopt 32-232] Optimized 0 net. Created 0 new instance.
INFO: [Physopt 32-775] End 1 Pass. Optimized 0 net or cell. Created 0 new cell, deleted 0 existing cell and moved 0 existing cell
Netlist sorting complete. Time (s): cpu = 00:00:00 ; elapsed = 00:00:00.028 . Memory (MB): peak = 1794.730 ; gain = 0.000
Phase 6 Rewire | Checksum: 1699f1e75

Time (s): cpu = 00:00:58 ; elapsed = 00:00:34 . Memory (MB): peak = 1794.730 ; gain = 0.000

Phase 7 Critical Cell Optimization
INFO: [Physopt 32-46] Identified 30 candidate nets for critical-cell optimization.
INFO: [Physopt 32-572] Net i_asg/chA/dac_pnt_reg_n_0_[1] was not replicated.
Resolution: phys_opt_design can be forced to replicate a net driver using the option -force_replication_on_nets <list of net objects>.
INFO: [Physopt 32-571] Net i_asg/chA/dac_pnt_reg_n_0_[0] was not replicated.
INFO: [Physopt 32-571] Net i_asg/chA/dac_pnt_reg_n_0_[9] was not replicated.
INFO: [Physopt 32-571] Net i_asg/chA/dac_pnt_reg_n_0_[4] was not replicated.
INFO: [Physopt 32-571] Net i_asg/chA/set_step_lo_reg[31]_0[1] was not replicated.
INFO: [Physopt 32-571] Net i_asg/chA/dac_pnt_reg_n_0_[2] was not replicated.
INFO: [Physopt 32-571] Net i_asg/chA/dac_pnt_reg_n_0_[3] was not replicated.
INFO: [Physopt 32-571] Net i_asg/chA/set_step_lo_reg[31]_0[2] was not replicated.
INFO: [Physopt 32-571] Net i_asg/chA/set_step_lo_reg[31]_0[0] was not replicated.
INFO: [Physopt 32-571] Net i_asg/chA/set_step_lo_reg[31]_0[8] was not replicated.
INFO: [Physopt 32-571] Net i_asg/chA/dac_pnt_reg_n_0_[5] was not replicated.
INFO: [Physopt 32-571] Net i_asg/chA/set_step_lo_reg[31]_0[4] was not replicated.
INFO: [Physopt 32-571] Net i_asg/chA/dac_do was not replicated.
INFO: [Physopt 32-571] Net i_asg/chB/dac_pnt_reg_n_0_[16] was not replicated.
INFO: [Physopt 32-571] Net i_asg/chB/dac_do was not replicated.
INFO: [Physopt 32-571] Net i_asg/chA/set_step_lo_reg[31]_0[3] was not replicated.
INFO: [Physopt 32-571] Net i_asg/chB/dac_pnt_reg_n_0_[1] was not replicated.
INFO: [Physopt 32-571] Net i_asg/chB/dac_pnt_reg_n_0_[2] was not replicated.
INFO: [Physopt 32-571] Net i_asg/chB/dac_pnt_reg_n_0_[20] was not replicated.
INFO: [Physopt 32-571] Net i_asg/chB/dac_pnt_reg_n_0_[3] was not replicated.
INFO: [Physopt 32-571] Net i_asg/chA/dac_pnt_reg_n_0_[8] was not replicated.
INFO: [Physopt 32-571] Net i_asg/chB/dac_pnt_reg_n_0_[0] was not replicated.
INFO: [Physopt 32-571] Net ps/system_i/xadc/inst/AXI_LITE_IPIF_I/I_SLAVE_ATTACHMENT/s_axi_arready was not replicated.
INFO: [Physopt 32-571] Net ps/system_i/xadc/inst/ip2bus_rdack was not replicated.
INFO: [Physopt 32-571] Net ps/system_i/axi_protocol_converter_0/inst/gen_axilite.gen_b2s_conv.axilite_b2s/RD.ar_channel_0/ar_cmd_fsm_0/FSM_sequential_state_reg[1]_0 was not replicated.
INFO: [Physopt 32-571] Net i_asg/chA/dac_pnt_reg_n_0_[10] was not replicated.
INFO: [Physopt 32-571] Net i_asg/chB/inst_axi_dac/inst_asg_dat_fifo/U0/inst_fifo_gen/gconvfifo.rf/grf.rf/gntv_or_sync_fifo.gl0.wr/wpntr/Q[7] was not replicated.
INFO: [Physopt 32-571] Net i_asg/chB/inst_axi_dac/inst_asg_dat_fifo/U0/inst_fifo_gen/gconvfifo.rf/grf.rf/gntv_or_sync_fifo.gcx.clkx/ngwrdrst.grst.g7serrst.gsckt_wrst.gic_rst.sckt_wr_rst_ic_reg was not replicated.
INFO: [Physopt 32-232] Optimized 0 net. Created 0 new instance.
INFO: [Physopt 32-775] End 1 Pass. Optimized 0 net or cell. Created 0 new cell, deleted 0 existing cell and moved 0 existing cell
Netlist sorting complete. Time (s): cpu = 00:00:00 ; elapsed = 00:00:00.026 . Memory (MB): peak = 1794.730 ; gain = 0.000
Phase 7 Critical Cell Optimization | Checksum: 20e9ff04e

Time (s): cpu = 00:00:59 ; elapsed = 00:00:35 . Memory (MB): peak = 1794.730 ; gain = 0.000

Phase 8 Fanout Optimization
INFO: [Physopt 32-76] Pass 1. Identified 2 candidate nets for fanout optimization.
INFO: [Physopt 32-572] Net i_asg/chB/inst_axi_dac/dac_pnt[61]_i_4__0_n_0 was not replicated.
Resolution: phys_opt_design can be forced to replicate a net driver using the option -force_replication_on_nets <list of net objects>.
INFO: [Physopt 32-572] Net i_asg/chB/inst_axi_dac/dac_pnt[61]_i_3__0_n_0 was not replicated.
Resolution: phys_opt_design can be forced to replicate a net driver using the option -force_replication_on_nets <list of net objects>.
INFO: [Physopt 32-232] Optimized 0 net. Created 0 new instance.
INFO: [Physopt 32-775] End 1 Pass. Optimized 0 net or cell. Created 0 new cell, deleted 0 existing cell and moved 0 existing cell
Netlist sorting complete. Time (s): cpu = 00:00:00 ; elapsed = 00:00:00.030 . Memory (MB): peak = 1794.730 ; gain = 0.000
Phase 8 Fanout Optimization | Checksum: 17f86fba6

Time (s): cpu = 00:01:00 ; elapsed = 00:00:36 . Memory (MB): peak = 1794.730 ; gain = 0.000

Phase 9 Single Cell Placement Optimization
INFO: [Physopt 32-660] Identified 250 candidate nets for placement-based optimization.
INFO: [Physopt 32-662] Processed net i_asg/chA/inst_axi_dac/dac_pnt[61]_i_3_n_0.  Did not re-place instance i_asg/chA/inst_axi_dac/dac_pnt[61]_i_3
INFO: [Physopt 32-662] Processed net i_asg/chA/dac_pnt_reg_n_0_[1].  Did not re-place instance i_asg/chA/dac_pnt_reg[1]
INFO: [Physopt 32-662] Processed net i_asg/chA/dac_pnt[12]_i_6_n_0.  Did not re-place instance i_asg/chA/dac_pnt[12]_i_6
INFO: [Physopt 32-662] Processed net i_asg/chA/dac_pnt[16]_i_6_n_0.  Did not re-place instance i_asg/chA/dac_pnt[16]_i_6
INFO: [Physopt 32-662] Processed net i_asg/chA/dac_pnt[20]_i_6_n_0.  Did not re-place instance i_asg/chA/dac_pnt[20]_i_6
INFO: [Physopt 32-662] Processed net i_asg/chA/dac_pnt[24]_i_6_n_0.  Did not re-place instance i_asg/chA/dac_pnt[24]_i_6
INFO: [Physopt 32-662] Processed net i_asg/chA/dac_pnt[28]_i_6_n_0.  Did not re-place instance i_asg/chA/dac_pnt[28]_i_6
INFO: [Physopt 32-662] Processed net i_asg/chA/dac_pnt[3]_i_5_n_0.  Did not re-place instance i_asg/chA/dac_pnt[3]_i_5
INFO: [Physopt 32-662] Processed net i_asg/chA/dac_pnt[61]_i_8_n_0.  Did not re-place instance i_asg/chA/dac_pnt[61]_i_8
INFO: [Physopt 32-662] Processed net i_asg/chA/inst_axi_dac/set_a_ofs_reg[29][43].  Did not re-place instance i_asg/chA/inst_axi_dac/dac_pnt[43]_i_1
INFO: [Physopt 32-662] Processed net i_asg/chA/dac_pnt_reg_n_0_[43].  Did not re-place instance i_asg/chA/dac_pnt_reg[43]
INFO: [Physopt 32-662] Processed net i_asg/chA/inst_axi_dac/set_a_ofs_reg[29][60].  Did not re-place instance i_asg/chA/inst_axi_dac/dac_pnt[60]_i_1
INFO: [Physopt 32-662] Processed net i_asg/chA/dac_pnt[60].  Did not re-place instance i_asg/chA/dac_pnt_reg[60]
INFO: [Physopt 32-662] Processed net i_asg/chA/inst_axi_dac/set_a_ofs_reg[29][61].  Did not re-place instance i_asg/chA/inst_axi_dac/dac_pnt[61]_i_2
INFO: [Physopt 32-662] Processed net i_asg/chA/dac_pnt[61].  Did not re-place instance i_asg/chA/dac_pnt_reg[61]
INFO: [Physopt 32-662] Processed net i_asg/chA/inst_axi_dac/set_a_ofs_reg[29][41].  Did not re-place instance i_asg/chA/inst_axi_dac/dac_pnt[41]_i_1
INFO: [Physopt 32-662] Processed net i_asg/chA/dac_pnt_reg_n_0_[41].  Did not re-place instance i_asg/chA/dac_pnt_reg[41]
INFO: [Physopt 32-662] Processed net i_asg/chA/inst_axi_dac/set_a_ofs_reg[29][50].  Did not re-place instance i_asg/chA/inst_axi_dac/dac_pnt[50]_i_1
INFO: [Physopt 32-662] Processed net i_asg/chA/dac_pnt[50].  Did not re-place instance i_asg/chA/dac_pnt_reg[50]
INFO: [Physopt 32-662] Processed net i_asg/chA/inst_axi_dac/set_a_ofs_reg[29][51].  Did not re-place instance i_asg/chA/inst_axi_dac/dac_pnt[51]_i_1
INFO: [Physopt 32-662] Processed net i_asg/chA/dac_pnt[51].  Did not re-place instance i_asg/chA/dac_pnt_reg[51]
INFO: [Physopt 32-662] Processed net i_asg/chA/inst_axi_dac/set_a_ofs_reg[29][58].  Did not re-place instance i_asg/chA/inst_axi_dac/dac_pnt[58]_i_1
INFO: [Physopt 32-662] Processed net i_asg/chA/dac_pnt[58].  Did not re-place instance i_asg/chA/dac_pnt_reg[58]
INFO: [Physopt 32-662] Processed net i_asg/chA/inst_axi_dac/set_a_ofs_reg[29][49].  Did not re-place instance i_asg/chA/inst_axi_dac/dac_pnt[49]_i_1
INFO: [Physopt 32-662] Processed net i_asg/chA/dac_pnt[49].  Did not re-place instance i_asg/chA/dac_pnt_reg[49]
INFO: [Physopt 32-662] Processed net i_asg/chA/dac_pnt_reg_n_0_[0].  Did not re-place instance i_asg/chA/dac_pnt_reg[0]
INFO: [Physopt 32-662] Processed net i_asg/chA/dac_pnt[3]_i_6_n_0.  Did not re-place instance i_asg/chA/dac_pnt[3]_i_6
INFO: [Physopt 32-662] Processed net i_asg/chA/inst_axi_dac/set_a_ofs_reg[29][45].  Did not re-place instance i_asg/chA/inst_axi_dac/dac_pnt[45]_i_1
INFO: [Physopt 32-662] Processed net i_asg/chA/dac_pnt_reg_n_0_[45].  Did not re-place instance i_asg/chA/dac_pnt_reg[45]
INFO: [Physopt 32-662] Processed net i_asg/chA/inst_axi_dac/set_a_ofs_reg[29][53].  Did not re-place instance i_asg/chA/inst_axi_dac/dac_pnt[53]_i_1
INFO: [Physopt 32-662] Processed net i_asg/chA/dac_pnt[53].  Did not re-place instance i_asg/chA/dac_pnt_reg[53]
INFO: [Physopt 32-662] Processed net i_asg/chA/inst_axi_dac/dac_pnt[61]_i_4_n_0.  Did not re-place instance i_asg/chA/inst_axi_dac/dac_pnt[61]_i_4
INFO: [Physopt 32-662] Processed net i_asg/chA/dac_pnt_reg_n_0_[9].  Did not re-place instance i_asg/chA/dac_pnt_reg[9]
INFO: [Physopt 32-662] Processed net i_asg/chA/dac_pnt[61]_i_10_n_0.  Did not re-place instance i_asg/chA/dac_pnt[61]_i_10
INFO: [Physopt 32-662] Processed net i_asg/chA/inst_axi_dac/set_a_ofs_reg[29][9].  Did not re-place instance i_asg/chA/inst_axi_dac/dac_pnt[9]_i_1
INFO: [Physopt 32-662] Processed net i_asg/chA/inst_axi_dac/set_a_ofs_reg[29][6].  Did not re-place instance i_asg/chA/inst_axi_dac/dac_pnt[6]_i_1
INFO: [Physopt 32-662] Processed net i_asg/chA/dac_pnt_reg_n_0_[6].  Did not re-place instance i_asg/chA/dac_pnt_reg[6]
INFO: [Physopt 32-662] Processed net i_asg/chA/inst_axi_dac/set_a_ofs_reg[29][42].  Did not re-place instance i_asg/chA/inst_axi_dac/dac_pnt[42]_i_1
INFO: [Physopt 32-662] Processed net i_asg/chA/dac_pnt_reg_n_0_[42].  Did not re-place instance i_asg/chA/dac_pnt_reg[42]
INFO: [Physopt 32-662] Processed net i_asg/chA/dac_pnt_reg_n_0_[4].  Did not re-place instance i_asg/chA/dac_pnt_reg[4]
INFO: [Physopt 32-662] Processed net i_asg/chA/dac_pnt[7]_i_6_n_0.  Did not re-place instance i_asg/chA/dac_pnt[7]_i_6
INFO: [Physopt 32-662] Processed net i_asg/chA/set_step_lo_reg[31]_0[1].  Did not re-place instance i_asg/chA/set_step_lo_reg[1]
INFO: [Physopt 32-662] Processed net i_asg/chA/inst_axi_dac/set_a_ofs_reg[29][36].  Did not re-place instance i_asg/chA/inst_axi_dac/dac_pnt[36]_i_1
INFO: [Physopt 32-662] Processed net i_asg/chA/dac_pnt_reg_n_0_[36].  Did not re-place instance i_asg/chA/dac_pnt_reg[36]
INFO: [Physopt 32-662] Processed net i_asg/chA/dac_pnt_reg_n_0_[2].  Did not re-place instance i_asg/chA/dac_pnt_reg[2]
INFO: [Physopt 32-662] Processed net i_asg/chA/dac_pnt[3]_i_4_n_0.  Did not re-place instance i_asg/chA/dac_pnt[3]_i_4
INFO: [Physopt 32-662] Processed net i_asg/chA/dac_pnt_reg_n_0_[3].  Did not re-place instance i_asg/chA/dac_pnt_reg[3]
INFO: [Physopt 32-662] Processed net i_asg/chA/dac_pnt[3]_i_3_n_0.  Did not re-place instance i_asg/chA/dac_pnt[3]_i_3
INFO: [Physopt 32-662] Processed net i_asg/chA/set_step_lo_reg[31]_0[2].  Did not re-place instance i_asg/chA/set_step_lo_reg[2]
INFO: [Physopt 32-662] Processed net i_asg/chA/inst_axi_dac/set_a_ofs_reg[29][30].  Did not re-place instance i_asg/chA/inst_axi_dac/dac_pnt[30]_i_1
INFO: [Physopt 32-662] Processed net i_asg/chA/dac_pnt_reg_n_0_[30].  Did not re-place instance i_asg/chA/dac_pnt_reg[30]
INFO: [Physopt 32-662] Processed net i_asg/chA/set_step_lo_reg[31]_0[0].  Did not re-place instance i_asg/chA/set_step_lo_reg[0]
INFO: [Physopt 32-662] Processed net i_asg/chA/set_step_lo_reg[31]_0[8].  Did not re-place instance i_asg/chA/set_step_lo_reg[9]
INFO: [Physopt 32-662] Processed net i_asg/chA/dac_pnt[11]_i_5_n_0.  Did not re-place instance i_asg/chA/dac_pnt[11]_i_5
INFO: [Physopt 32-662] Processed net i_asg/chA/inst_axi_dac/set_a_ofs_reg[29][29].  Did not re-place instance i_asg/chA/inst_axi_dac/dac_pnt[29]_i_1
INFO: [Physopt 32-662] Processed net i_asg/chA/dac_pnt_reg_n_0_[29].  Did not re-place instance i_asg/chA/dac_pnt_reg[29]
INFO: [Physopt 32-662] Processed net i_asg/chA/inst_axi_dac/set_a_ofs_reg[29][37].  Did not re-place instance i_asg/chA/inst_axi_dac/dac_pnt[37]_i_1
INFO: [Physopt 32-662] Processed net i_asg/chA/dac_pnt_reg_n_0_[37].  Did not re-place instance i_asg/chA/dac_pnt_reg[37]
INFO: [Physopt 32-662] Processed net i_asg/chA/inst_axi_dac/set_a_ofs_reg[29][34].  Did not re-place instance i_asg/chA/inst_axi_dac/dac_pnt[34]_i_1
INFO: [Physopt 32-662] Processed net i_asg/chA/dac_pnt_reg_n_0_[34].  Did not re-place instance i_asg/chA/dac_pnt_reg[34]
INFO: [Physopt 32-662] Processed net i_asg/chA/dac_pnt_reg_n_0_[5].  Did not re-place instance i_asg/chA/dac_pnt_reg[5]
INFO: [Physopt 32-662] Processed net i_asg/chA/dac_pnt[7]_i_5_n_0.  Did not re-place instance i_asg/chA/dac_pnt[7]_i_5
INFO: [Physopt 32-662] Processed net i_asg/chA/inst_axi_dac/set_a_ofs_reg[29][33].  Did not re-place instance i_asg/chA/inst_axi_dac/dac_pnt[33]_i_1
INFO: [Physopt 32-662] Processed net i_asg/chA/inst_axi_dac/set_a_ofs_reg[29][39].  Did not re-place instance i_asg/chA/inst_axi_dac/dac_pnt[39]_i_1
INFO: [Physopt 32-662] Processed net i_asg/chA/dac_pnt_reg_n_0_[33].  Did not re-place instance i_asg/chA/dac_pnt_reg[33]
INFO: [Physopt 32-662] Processed net i_asg/chA/dac_pnt_reg_n_0_[39].  Did not re-place instance i_asg/chA/dac_pnt_reg[39]
INFO: [Physopt 32-662] Processed net i_asg/chA/inst_axi_dac/set_a_ofs_reg[29][32].  Did not re-place instance i_asg/chA/inst_axi_dac/dac_pnt[32]_i_1
INFO: [Physopt 32-662] Processed net i_asg/chA/inst_axi_dac/set_a_ofs_reg[29][38].  Did not re-place instance i_asg/chA/inst_axi_dac/dac_pnt[38]_i_1
INFO: [Physopt 32-662] Processed net i_asg/chA/inst_axi_dac/set_a_ofs_reg[29][48].  Did not re-place instance i_asg/chA/inst_axi_dac/dac_pnt[48]_i_1
INFO: [Physopt 32-662] Processed net i_asg/chA/dac_pnt[48].  Did not re-place instance i_asg/chA/dac_pnt_reg[48]
INFO: [Physopt 32-662] Processed net i_asg/chA/dac_pnt_reg_n_0_[32].  Did not re-place instance i_asg/chA/dac_pnt_reg[32]
INFO: [Physopt 32-662] Processed net i_asg/chA/dac_pnt_reg_n_0_[38].  Did not re-place instance i_asg/chA/dac_pnt_reg[38]
INFO: [Physopt 32-662] Processed net i_asg/chA/dac_pnt[32]_i_6_n_0.  Did not re-place instance i_asg/chA/dac_pnt[32]_i_6
INFO: [Physopt 32-662] Processed net i_asg/chA/dac_pnt[36]_i_6_n_0.  Did not re-place instance i_asg/chA/dac_pnt[36]_i_6
INFO: [Physopt 32-662] Processed net i_asg/chA/dac_pnt[40]_i_6_n_0.  Did not re-place instance i_asg/chA/dac_pnt[40]_i_6
INFO: [Physopt 32-662] Processed net i_asg/chA/dac_pnt[44]_i_6_n_0.  Did not re-place instance i_asg/chA/dac_pnt[44]_i_6
INFO: [Physopt 32-662] Processed net i_asg/chA/dac_pnt[48]_i_6_n_0.  Did not re-place instance i_asg/chA/dac_pnt[48]_i_6
INFO: [Physopt 32-662] Processed net i_asg/chA/dac_pnt[52]_i_6_n_0.  Did not re-place instance i_asg/chA/dac_pnt[52]_i_6
INFO: [Physopt 32-662] Processed net i_asg/chA/dac_pnt[56]_i_6_n_0.  Did not re-place instance i_asg/chA/dac_pnt[56]_i_6
INFO: [Physopt 32-662] Processed net i_asg/chA/dac_pnt[60]_i_6_n_0.  Did not re-place instance i_asg/chA/dac_pnt[60]_i_6
INFO: [Physopt 32-662] Processed net i_asg/chA/dac_pnt[8]_i_6_n_0.  Did not re-place instance i_asg/chA/dac_pnt[8]_i_6
INFO: [Physopt 32-662] Processed net i_asg/chA/inst_axi_dac/set_a_ofs_reg[29][40].  Did not re-place instance i_asg/chA/inst_axi_dac/dac_pnt[40]_i_1
INFO: [Physopt 32-662] Processed net i_asg/chA/dac_pnt_reg_n_0_[40].  Did not re-place instance i_asg/chA/dac_pnt_reg[40]
INFO: [Physopt 32-662] Processed net i_asg/chA/inst_axi_dac/set_a_ofs_reg[29][59].  Did not re-place instance i_asg/chA/inst_axi_dac/dac_pnt[59]_i_1
INFO: [Physopt 32-662] Processed net i_asg/chA/dac_pnt[59].  Did not re-place instance i_asg/chA/dac_pnt_reg[59]
INFO: [Physopt 32-662] Processed net i_asg/chA/inst_axi_dac/set_a_ofs_reg[29][47].  Did not re-place instance i_asg/chA/inst_axi_dac/dac_pnt[47]_i_1
INFO: [Physopt 32-662] Processed net i_asg/chA/dac_pnt_reg_n_0_[47].  Did not re-place instance i_asg/chA/dac_pnt_reg[47]
INFO: [Physopt 32-662] Processed net i_asg/chA/inst_axi_dac/dac_pnt[61]_i_7_n_0.  Did not re-place instance i_asg/chA/inst_axi_dac/dac_pnt[61]_i_7
INFO: [Physopt 32-662] Processed net i_asg/chA/dac_pnt[12]_i_3_n_0.  Did not re-place instance i_asg/chA/dac_pnt[12]_i_3
INFO: [Physopt 32-662] Processed net i_asg/chA/dac_pnt[16]_i_3_n_0.  Did not re-place instance i_asg/chA/dac_pnt[16]_i_3
INFO: [Physopt 32-662] Processed net i_asg/chA/dac_pnt[20]_i_3_n_0.  Did not re-place instance i_asg/chA/dac_pnt[20]_i_3
INFO: [Physopt 32-662] Processed net i_asg/chA/set_step_lo_reg[31]_0[4].  Did not re-place instance i_asg/chA/set_step_lo_reg[4]
INFO: [Physopt 32-662] Processed net i_asg/chB/inst_axi_dac/dac_pnt[61]_i_4__0_n_0.  Did not re-place instance i_asg/chB/inst_axi_dac/dac_pnt[61]_i_4__0
INFO: [Physopt 32-662] Processed net i_asg/chA/dac_do.  Did not re-place instance i_asg/chA/dac_do_reg
INFO: [Physopt 32-662] Processed net i_asg/chB/dac_pnt_reg_n_0_[16].  Did not re-place instance i_asg/chB/dac_pnt_reg[16]
INFO: [Physopt 32-662] Processed net i_asg/chB/dac_pnt[19]_i_6__0_n_0.  Did not re-place instance i_asg/chB/dac_pnt[19]_i_6__0
INFO: [Physopt 32-662] Processed net i_asg/chB/dac_pnt[24]_i_6__0_n_0.  Did not re-place instance i_asg/chB/dac_pnt[24]_i_6__0
INFO: [Physopt 32-662] Processed net i_asg/chB/dac_pnt[28]_i_6__0_n_0.  Did not re-place instance i_asg/chB/dac_pnt[28]_i_6__0
INFO: [Physopt 32-662] Processed net i_asg/chB/dac_pnt[32]_i_6__0_n_0.  Did not re-place instance i_asg/chB/dac_pnt[32]_i_6__0
INFO: [Physopt 32-662] Processed net i_asg/chB/dac_pnt[36]_i_6__0_n_0.  Did not re-place instance i_asg/chB/dac_pnt[36]_i_6__0
INFO: [Physopt 32-662] Processed net i_asg/chB/dac_pnt[40]_i_6__0_n_0.  Did not re-place instance i_asg/chB/dac_pnt[40]_i_6__0
INFO: [Physopt 32-662] Processed net i_asg/chB/dac_pnt[44]_i_6__0_n_0.  Did not re-place instance i_asg/chB/dac_pnt[44]_i_6__0
INFO: [Physopt 32-662] Processed net i_asg/chB/dac_pnt[48]_i_6__0_n_0.  Did not re-place instance i_asg/chB/dac_pnt[48]_i_6__0
INFO: [Physopt 32-662] Processed net i_asg/chB/dac_pnt[52]_i_6__0_n_0.  Did not re-place instance i_asg/chB/dac_pnt[52]_i_6__0
INFO: [Physopt 32-662] Processed net i_asg/chB/dac_pnt[56]_i_6__0_n_0.  Did not re-place instance i_asg/chB/dac_pnt[56]_i_6__0
INFO: [Physopt 32-662] Processed net i_asg/chB/dac_pnt[60]_i_6__0_n_0.  Did not re-place instance i_asg/chB/dac_pnt[60]_i_6__0
INFO: [Physopt 32-662] Processed net i_asg/chB/dac_pnt[61]_i_11_n_0.  Did not re-place instance i_asg/chB/dac_pnt[61]_i_11
INFO: [Physopt 32-662] Processed net i_asg/chB/inst_axi_dac/set_b_ofs_reg[29][5].  Did not re-place instance i_asg/chB/inst_axi_dac/dac_pnt[5]_i_1__1
INFO: [Physopt 32-662] Processed net i_asg/chB/dac_pnt_reg_n_0_[5].  Did not re-place instance i_asg/chB/dac_pnt_reg[5]
INFO: [Physopt 32-662] Processed net i_asg/chA/inst_axi_dac/set_a_ofs_reg[29][44].  Did not re-place instance i_asg/chA/inst_axi_dac/dac_pnt[44]_i_1
INFO: [Physopt 32-662] Processed net i_asg/chA/inst_axi_dac/set_a_ofs_reg[29][56].  Did not re-place instance i_asg/chA/inst_axi_dac/dac_pnt[56]_i_1
INFO: [Physopt 32-662] Processed net i_asg/chA/dac_pnt[56].  Did not re-place instance i_asg/chA/dac_pnt_reg[56]
INFO: [Physopt 32-662] Processed net i_asg/chA/dac_pnt_reg_n_0_[44].  Did not re-place instance i_asg/chA/dac_pnt_reg[44]
INFO: [Physopt 32-662] Processed net i_asg/chA/inst_axi_dac/set_a_ofs_reg[29][1].  Did not re-place instance i_asg/chA/inst_axi_dac/dac_pnt[1]_i_1
INFO: [Physopt 32-662] Processed net i_asg/chB/dac_do.  Did not re-place instance i_asg/chB/dac_do_reg
INFO: [Physopt 32-662] Processed net i_asg/chA/inst_axi_dac/set_a_ofs_reg[29][55].  Did not re-place instance i_asg/chA/inst_axi_dac/dac_pnt[55]_i_1
INFO: [Physopt 32-662] Processed net i_asg/chB/dac_pnt[12]_i_6__0_n_0.  Did not re-place instance i_asg/chB/dac_pnt[12]_i_6__0
INFO: [Physopt 32-662] Processed net i_asg/chB/dac_pnt[16]_i_6__0_n_0.  Did not re-place instance i_asg/chB/dac_pnt[16]_i_6__0
INFO: [Physopt 32-662] Processed net i_asg/chB/dac_pnt[20]_i_6__0_n_0.  Did not re-place instance i_asg/chB/dac_pnt[20]_i_6__0
INFO: [Physopt 32-662] Processed net i_asg/chB/dac_pnt[7]_i_5__0_n_0.  Did not re-place instance i_asg/chB/dac_pnt[7]_i_5__0
INFO: [Physopt 32-662] Processed net i_asg/chA/dac_pnt[55].  Did not re-place instance i_asg/chA/dac_pnt_reg[55]
INFO: [Physopt 32-662] Processed net i_asg/chA/set_step_lo_reg[31]_0[3].  Did not re-place instance i_asg/chA/set_step_lo_reg[3]
INFO: [Physopt 32-662] Processed net i_asg/chA/dac_pnt[12]_i_4_n_0.  Did not re-place instance i_asg/chA/dac_pnt[12]_i_4
INFO: [Physopt 32-662] Processed net i_asg/chA/dac_pnt[16]_i_4_n_0.  Did not re-place instance i_asg/chA/dac_pnt[16]_i_4
INFO: [Physopt 32-662] Processed net i_asg/chA/dac_pnt[20]_i_4_n_0.  Did not re-place instance i_asg/chA/dac_pnt[20]_i_4
INFO: [Physopt 32-662] Processed net i_asg/chA/dac_pnt[28]_i_4_n_0.  Did not re-place instance i_asg/chA/dac_pnt[28]_i_4
INFO: [Physopt 32-662] Processed net i_asg/chA/inst_axi_dac/set_a_ofs_reg[29][46].  Did not re-place instance i_asg/chA/inst_axi_dac/dac_pnt[46]_i_1
INFO: [Physopt 32-662] Processed net i_asg/chA/dac_pnt_reg_n_0_[46].  Did not re-place instance i_asg/chA/dac_pnt_reg[46]
INFO: [Physopt 32-662] Processed net i_asg/chA/inst_axi_dac/set_a_ofs_reg[29][52].  Did not re-place instance i_asg/chA/inst_axi_dac/dac_pnt[52]_i_1
INFO: [Physopt 32-662] Processed net i_asg/chA/dac_pnt[52].  Did not re-place instance i_asg/chA/dac_pnt_reg[52]
INFO: [Physopt 32-662] Processed net i_asg/chB/dac_pnt_reg_n_0_[1].  Did not re-place instance i_asg/chB/dac_pnt_reg[1]
INFO: [Physopt 32-662] Processed net i_asg/chA/inst_axi_dac/set_a_ofs_reg[29][35].  Did not re-place instance i_asg/chA/inst_axi_dac/dac_pnt[35]_i_1
INFO: [Physopt 32-662] Processed net i_asg/chB/dac_pnt[3]_i_5__0_n_0.  Did not re-place instance i_asg/chB/dac_pnt[3]_i_5__0
INFO: [Physopt 32-662] Processed net i_asg/chB/dac_pnt[8]_i_6__0_n_0.  Did not re-place instance i_asg/chB/dac_pnt[8]_i_6__0
INFO: [Physopt 32-662] Processed net i_asg/chA/dac_pnt_reg_n_0_[35].  Did not re-place instance i_asg/chA/dac_pnt_reg[35]
INFO: [Physopt 32-662] Processed net i_asg/chB/dac_pnt_reg_n_0_[2].  Did not re-place instance i_asg/chB/dac_pnt_reg[2]
INFO: [Physopt 32-662] Processed net i_asg/chA/inst_axi_dac/set_a_ofs_reg[29][3].  Did not re-place instance i_asg/chA/inst_axi_dac/dac_pnt[3]_i_1
INFO: [Physopt 32-662] Processed net i_asg/chA/inst_axi_dac/set_a_ofs_reg[29][5].  Did not re-place instance i_asg/chA/inst_axi_dac/dac_pnt[5]_i_1
INFO: [Physopt 32-662] Processed net i_asg/chB/dac_pnt[3]_i_4__0_n_0.  Did not re-place instance i_asg/chB/dac_pnt[3]_i_4__0
INFO: [Physopt 32-662] Processed net i_asg/chB/dac_pnt_reg_n_0_[20].  Did not re-place instance i_asg/chB/dac_pnt_reg[20]
INFO: [Physopt 32-662] Processed net i_asg/chB/dac_pnt[23]_i_6__0_n_0.  Did not re-place instance i_asg/chB/dac_pnt[23]_i_6__0
INFO: [Physopt 32-662] Processed net i_asg/chB/dac_pnt[7]_i_6__0_n_0.  Did not re-place instance i_asg/chB/dac_pnt[7]_i_6__0
INFO: [Physopt 32-662] Processed net i_asg/chB/dac_pnt_reg_n_0_[3].  Did not re-place instance i_asg/chB/dac_pnt_reg[3]
INFO: [Physopt 32-662] Processed net i_asg/chA/inst_axi_dac/set_a_ofs_reg[29][23].  Did not re-place instance i_asg/chA/inst_axi_dac/dac_pnt[23]_i_1
INFO: [Physopt 32-662] Processed net i_asg/chB/dac_pnt[3]_i_3__0_n_0.  Did not re-place instance i_asg/chB/dac_pnt[3]_i_3__0
INFO: [Physopt 32-662] Processed net i_asg/chA/dac_pnt_reg_n_0_[23].  Did not re-place instance i_asg/chA/dac_pnt_reg[23]
INFO: [Physopt 32-662] Processed net i_asg/chB/inst_axi_dac/set_b_ofs_reg[29][47].  Did not re-place instance i_asg/chB/inst_axi_dac/dac_pnt[47]_i_1__0
INFO: [Physopt 32-662] Processed net i_asg/chB/dac_pnt_reg_n_0_[47].  Did not re-place instance i_asg/chB/dac_pnt_reg[47]
INFO: [Physopt 32-662] Processed net i_asg/chB/set_step_lo_reg[31]_0[5].  Did not re-place instance i_asg/chB/set_step_lo_reg[5]
INFO: [Physopt 32-662] Processed net i_asg/chB/inst_axi_dac/set_b_ofs_reg[29][43].  Did not re-place instance i_asg/chB/inst_axi_dac/dac_pnt[43]_i_1__0
INFO: [Physopt 32-662] Processed net i_asg/chB/dac_pnt_reg_n_0_[43].  Did not re-place instance i_asg/chB/dac_pnt_reg[43]
INFO: [Physopt 32-662] Processed net i_asg/chA/inst_axi_dac/set_a_ofs_reg[29][7].  Did not re-place instance i_asg/chA/inst_axi_dac/dac_pnt[7]_i_1
INFO: [Physopt 32-662] Processed net i_asg/chB/inst_axi_dac/set_b_ofs_reg[29][34].  Did not re-place instance i_asg/chB/inst_axi_dac/dac_pnt[34]_i_1__0
INFO: [Physopt 32-662] Processed net i_asg/chA/dac_pnt_reg_n_0_[7].  Did not re-place instance i_asg/chA/dac_pnt_reg[7]
INFO: [Physopt 32-662] Processed net i_asg/chB/dac_pnt_reg_n_0_[34].  Did not re-place instance i_asg/chB/dac_pnt_reg[34]
INFO: [Physopt 32-662] Processed net i_asg/chA/dac_pnt_reg_n_0_[8].  Did not re-place instance i_asg/chA/dac_pnt_reg[8]
INFO: [Physopt 32-662] Processed net i_asg/chA/dac_pnt[11]_i_6_n_0.  Did not re-place instance i_asg/chA/dac_pnt[11]_i_6
INFO: [Physopt 32-662] Processed net i_asg/chB/inst_axi_dac/set_b_ofs_reg[29][10].  Did not re-place instance i_asg/chB/inst_axi_dac/dac_pnt[10]_i_1__1
INFO: [Physopt 32-662] Processed net i_asg/chB/inst_axi_dac/set_b_ofs_reg[29][40].  Did not re-place instance i_asg/chB/inst_axi_dac/dac_pnt[40]_i_1__0
INFO: [Physopt 32-662] Processed net i_asg/chB/dac_pnt_reg_n_0_[10].  Did not re-place instance i_asg/chB/dac_pnt_reg[10]
INFO: [Physopt 32-662] Processed net i_asg/chB/dac_pnt_reg_n_0_[40].  Did not re-place instance i_asg/chB/dac_pnt_reg[40]
INFO: [Physopt 32-662] Processed net i_asg/chB/dac_pnt_reg_n_0_[0].  Did not re-place instance i_asg/chB/dac_pnt_reg[0]
INFO: [Physopt 32-662] Processed net i_asg/chA/inst_axi_dac/set_a_ofs_reg[29][57].  Did not re-place instance i_asg/chA/inst_axi_dac/dac_pnt[57]_i_1
INFO: [Physopt 32-662] Processed net i_asg/chB/dac_pnt[3]_i_6__0_n_0.  Did not re-place instance i_asg/chB/dac_pnt[3]_i_6__0
INFO: [Physopt 32-662] Processed net i_asg/chA/dac_pnt[57].  Did not re-place instance i_asg/chA/dac_pnt_reg[57]
INFO: [Physopt 32-662] Processed net i_asg/chA/inst_axi_dac/set_a_ofs_reg[29][22].  Did not re-place instance i_asg/chA/inst_axi_dac/dac_pnt[22]_i_1
INFO: [Physopt 32-662] Processed net i_asg/chB/inst_axi_dac/set_b_ofs_reg[29][46].  Did not re-place instance i_asg/chB/inst_axi_dac/dac_pnt[46]_i_1__0
INFO: [Physopt 32-662] Processed net i_asg/chA/dac_pnt_reg_n_0_[22].  Did not re-place instance i_asg/chA/dac_pnt_reg[22]
INFO: [Physopt 32-662] Processed net i_asg/chB/dac_pnt_reg_n_0_[46].  Did not re-place instance i_asg/chB/dac_pnt_reg[46]
INFO: [Physopt 32-663] Processed net ps/system_i/xadc/inst/AXI_LITE_IPIF_I/I_SLAVE_ATTACHMENT/s_axi_arready.  Re-placed instance ps/system_i/xadc/inst/AXI_LITE_IPIF_I/I_SLAVE_ATTACHMENT/s_axi_arready_INST_0
INFO: [Physopt 32-662] Processed net ps/system_i/xadc/inst/ip2bus_rdack.  Did not re-place instance ps/system_i/xadc/inst/INTR_CTRLR_GEN_I.ip2bus_rdack_reg
INFO: [Physopt 32-662] Processed net ps/system_i/axi_protocol_converter_0/inst/gen_axilite.gen_b2s_conv.axilite_b2s/RD.ar_channel_0/ar_cmd_fsm_0/wrap_next_pending.  Did not re-place instance ps/system_i/axi_protocol_converter_0/inst/gen_axilite.gen_b2s_conv.axilite_b2s/RD.ar_channel_0/ar_cmd_fsm_0/next_pending_r_i_1__2
INFO: [Physopt 32-663] Processed net ps/system_i/axi_protocol_converter_0/inst/gen_axilite.gen_b2s_conv.axilite_b2s/RD.ar_channel_0/ar_cmd_fsm_0/FSM_sequential_state_reg[1]_0.  Re-placed instance ps/system_i/axi_protocol_converter_0/inst/gen_axilite.gen_b2s_conv.axilite_b2s/RD.ar_channel_0/ar_cmd_fsm_0/r_push_r_i_1
INFO: [Physopt 32-662] Processed net i_asg/chA/dac_pnt_reg_n_0_[10].  Did not re-place instance i_asg/chA/dac_pnt_reg[10]
INFO: [Physopt 32-662] Processed net i_asg/chA/dac_pnt[11]_i_4_n_0.  Did not re-place instance i_asg/chA/dac_pnt[11]_i_4
INFO: [Physopt 32-662] Processed net ps/system_i/axi_protocol_converter_0/inst/gen_axilite.gen_b2s_conv.axilite_b2s/RD.ar_channel_0/ar_cmd_fsm_0/m_payload_i_reg[39].  Did not re-place instance ps/system_i/axi_protocol_converter_0/inst/gen_axilite.gen_b2s_conv.axilite_b2s/RD.ar_channel_0/ar_cmd_fsm_0/s_axburst_eq0_i_1__0
INFO: [Physopt 32-662] Processed net ps/system_i/axi_protocol_converter_0/inst/gen_axilite.gen_b2s_conv.axilite_b2s/RD.ar_channel_0/cmd_translator_0/s_axburst_eq0.  Did not re-place instance ps/system_i/axi_protocol_converter_0/inst/gen_axilite.gen_b2s_conv.axilite_b2s/RD.ar_channel_0/cmd_translator_0/s_axburst_eq0_reg
INFO: [Physopt 32-662] Processed net i_asg/chA/inst_axi_dac/set_a_ofs_reg[29][54].  Did not re-place instance i_asg/chA/inst_axi_dac/dac_pnt[54]_i_1
INFO: [Physopt 32-662] Processed net i_asg/chB/inst_axi_dac/set_b_ofs_reg[29][13].  Did not re-place instance i_asg/chB/inst_axi_dac/dac_pnt[13]_i_1__1
INFO: [Physopt 32-662] Processed net i_asg/chB/inst_axi_dac/set_b_ofs_reg[29][42].  Did not re-place instance i_asg/chB/inst_axi_dac/dac_pnt[42]_i_1__0
INFO: [Physopt 32-662] Processed net i_asg/chA/dac_pnt[54].  Did not re-place instance i_asg/chA/dac_pnt_reg[54]
INFO: [Physopt 32-662] Processed net i_asg/chB/dac_pnt_reg_n_0_[13].  Did not re-place instance i_asg/chB/dac_pnt_reg[13]
INFO: [Physopt 32-662] Processed net i_asg/chB/dac_pnt_reg_n_0_[42].  Did not re-place instance i_asg/chB/dac_pnt_reg[42]
INFO: [Physopt 32-662] Processed net i_asg/chB/cyc_cnt_reg[0]_0.  Did not re-place instance i_asg/chB/dac_do_i_2__1
INFO: [Physopt 32-662] Processed net i_asg/dac_do_i_1__2_n_0.  Did not re-place instance i_asg/dac_do_i_1__2
INFO: [Physopt 32-662] Processed net i_asg/chB/inst_axi_dac/set_b_ofs_reg[29][35].  Did not re-place instance i_asg/chB/inst_axi_dac/dac_pnt[35]_i_1__0
INFO: [Physopt 32-662] Processed net i_asg/chB/dac_pnt_reg_n_0_[35].  Did not re-place instance i_asg/chB/dac_pnt_reg[35]
INFO: [Physopt 32-663] Processed net i_asg/chB/inst_axi_dac/inst_asg_dat_fifo/U0/inst_fifo_gen/gconvfifo.rf/grf.rf/gntv_or_sync_fifo.gl0.wr/wpntr/Q[7].  Re-placed instance i_asg/chB/inst_axi_dac/inst_asg_dat_fifo/U0/inst_fifo_gen/gconvfifo.rf/grf.rf/gntv_or_sync_fifo.gl0.wr/wpntr/gic0.gc0.count_reg[7]
INFO: [Physopt 32-662] Processed net i_asg/chB/inst_axi_dac/inst_asg_dat_fifo/U0/inst_fifo_gen/gconvfifo.rf/grf.rf/gntv_or_sync_fifo.gcx.clkx/ngwrdrst.grst.g7serrst.gsckt_wrst.gic_rst.sckt_wr_rst_ic_reg.  Did not re-place instance i_asg/chB/inst_axi_dac/inst_asg_dat_fifo/U0/inst_fifo_gen/gconvfifo.rf/grf.rf/gntv_or_sync_fifo.gcx.clkx/ram_full_i_i_1
INFO: [Physopt 32-662] Processed net i_asg/chB/inst_axi_dac/inst_asg_dat_fifo/U0/inst_fifo_gen/gconvfifo.rf/grf.rf/gntv_or_sync_fifo.gcx.clkx/ram_full_i_i_2_n_0.  Did not re-place instance i_asg/chB/inst_axi_dac/inst_asg_dat_fifo/U0/inst_fifo_gen/gconvfifo.rf/grf.rf/gntv_or_sync_fifo.gcx.clkx/ram_full_i_i_2
INFO: [Physopt 32-663] Processed net i_asg/chB/inst_axi_dac/inst_asg_dat_fifo/U0/inst_fifo_gen/gconvfifo.rf/grf.rf/gntv_or_sync_fifo.gl0.wr/gwas.wsts/ram_full_fb_i_reg_0.  Re-placed instance i_asg/chB/inst_axi_dac/inst_asg_dat_fifo/U0/inst_fifo_gen/gconvfifo.rf/grf.rf/gntv_or_sync_fifo.gl0.wr/gwas.wsts/ram_full_i_i_6
INFO: [Physopt 32-662] Processed net i_asg/chB/inst_axi_dac/inst_asg_dat_fifo/U0/inst_fifo_gen/gconvfifo.rf/grf.rf/gntv_or_sync_fifo.gl0.wr/gwas.wsts/ram_full_i.  Did not re-place instance i_asg/chB/inst_axi_dac/inst_asg_dat_fifo/U0/inst_fifo_gen/gconvfifo.rf/grf.rf/gntv_or_sync_fifo.gl0.wr/gwas.wsts/ram_full_i_reg
INFO: [Physopt 32-662] Processed net i_asg/chB/dac_pnt_reg_n_0_[17].  Did not re-place instance i_asg/chB/dac_pnt_reg[17]
INFO: [Physopt 32-662] Processed net i_asg/chB/dac_pnt[19]_i_5__0_n_0.  Did not re-place instance i_asg/chB/dac_pnt[19]_i_5__0
INFO: [Physopt 32-662] Processed net i_asg/chB/inst_axi_dac/set_b_ofs_reg[29][53].  Did not re-place instance i_asg/chB/inst_axi_dac/dac_pnt[53]_i_1__0
INFO: [Physopt 32-662] Processed net i_asg/chB/dac_pnt[53].  Did not re-place instance i_asg/chB/dac_pnt_reg[53]
INFO: [Physopt 32-662] Processed net i_asg/chA/inst_axi_dac/set_a_ofs_reg[29][2].  Did not re-place instance i_asg/chA/inst_axi_dac/dac_pnt[2]_i_1
INFO: [Physopt 32-662] Processed net i_asg/chB/inst_axi_dac/set_b_ofs_reg[29][11].  Did not re-place instance i_asg/chB/inst_axi_dac/dac_pnt[11]_i_1__1
INFO: [Physopt 32-662] Processed net i_asg/chB/dac_pnt_reg_n_0_[11].  Did not re-place instance i_asg/chB/dac_pnt_reg[11]
INFO: [Physopt 32-663] Processed net i_asg/chB/set_step_lo_reg[31]_0[2].  Re-placed instance i_asg/chB/set_step_lo_reg[2]
INFO: [Physopt 32-662] Processed net i_asg/chB/inst_axi_dac/set_b_ofs_reg[29][7].  Did not re-place instance i_asg/chB/inst_axi_dac/dac_pnt[7]_i_1__1
INFO: [Physopt 32-662] Processed net ps/system_i/axi_protocol_converter_0/inst/gen_axilite.gen_b2s_conv.axilite_b2s/RD.ar_channel_0/ar_cmd_fsm_0/m_payload_i_reg[39]_0.  Did not re-place instance ps/system_i/axi_protocol_converter_0/inst/gen_axilite.gen_b2s_conv.axilite_b2s/RD.ar_channel_0/ar_cmd_fsm_0/s_axburst_eq1_i_1__0
INFO: [Physopt 32-662] Processed net i_asg/chB/dac_pnt_reg_n_0_[7].  Did not re-place instance i_asg/chB/dac_pnt_reg[7]
INFO: [Physopt 32-662] Processed net ps/system_i/axi_protocol_converter_0/inst/gen_axilite.gen_b2s_conv.axilite_b2s/RD.ar_channel_0/cmd_translator_0/s_axburst_eq1.  Did not re-place instance ps/system_i/axi_protocol_converter_0/inst/gen_axilite.gen_b2s_conv.axilite_b2s/RD.ar_channel_0/cmd_translator_0/s_axburst_eq1_reg
INFO: [Physopt 32-662] Processed net i_asg/chA/inst_axi_dac/set_a_ofs_reg[29][4].  Did not re-place instance i_asg/chA/inst_axi_dac/dac_pnt[4]_i_1
INFO: [Physopt 32-662] Processed net i_asg/chB/inst_axi_dac/dac_pnt[61]_i_3__0_n_0.  Did not re-place instance i_asg/chB/inst_axi_dac/dac_pnt[61]_i_3__0
INFO: [Physopt 32-662] Processed net ps/system_i/xadc/inst/AXI_LITE_IPIF_I/I_SLAVE_ATTACHMENT/timeout.  Did not re-place instance ps/system_i/xadc/inst/AXI_LITE_IPIF_I/I_SLAVE_ATTACHMENT/INCLUDE_DPHASE_TIMER.dpto_cnt_reg[6]
INFO: [Physopt 32-662] Processed net i_asg/chB/dac_pnt[61]_i_8__0_n_0.  Did not re-place instance i_asg/chB/dac_pnt[61]_i_8__0
INFO: [Physopt 32-662] Processed net i_asg/chA/inst_axi_dac/set_a_ofs_reg[29][13].  Did not re-place instance i_asg/chA/inst_axi_dac/dac_pnt[13]_i_1
INFO: [Physopt 32-662] Processed net i_asg/chA/dac_pnt_reg_n_0_[13].  Did not re-place instance i_asg/chA/dac_pnt_reg[13]
INFO: [Physopt 32-662] Processed net i_asg/chB/set_step_lo_reg[31]_0[0].  Did not re-place instance i_asg/chB/set_step_lo_reg[0]
INFO: [Physopt 32-662] Processed net i_scope/genblk1[1].i_dfilt1_ch/r3_shr_reg[3]_0[0].  Did not re-place instance i_scope/genblk1[1].i_dfilt1_ch/pp_mult_i_23
INFO: [Physopt 32-662] Processed net i_asg/chB/inst_axi_dac/set_b_ofs_reg[29][37].  Did not re-place instance i_asg/chB/inst_axi_dac/dac_pnt[37]_i_1__0
INFO: [Physopt 32-662] Processed net i_asg/chB/dac_pnt_reg_n_0_[37].  Did not re-place instance i_asg/chB/dac_pnt_reg[37]
INFO: [Physopt 32-662] Processed net i_asg/chA/dac_pnt[12]_i_5_n_0.  Did not re-place instance i_asg/chA/dac_pnt[12]_i_5
INFO: [Physopt 32-662] Processed net i_asg/chA/dac_pnt[16]_i_5_n_0.  Did not re-place instance i_asg/chA/dac_pnt[16]_i_5
INFO: [Physopt 32-662] Processed net i_asg/chA/dac_pnt[20]_i_5_n_0.  Did not re-place instance i_asg/chA/dac_pnt[20]_i_5
INFO: [Physopt 32-662] Processed net i_asg/chA/dac_pnt[24]_i_5_n_0.  Did not re-place instance i_asg/chA/dac_pnt[24]_i_5
INFO: [Physopt 32-662] Processed net i_asg/chA/dac_pnt[28]_i_5_n_0.  Did not re-place instance i_asg/chA/dac_pnt[28]_i_5
INFO: [Physopt 32-662] Processed net i_asg/chB/dac_pnt_reg_n_0_[19].  Did not re-place instance i_asg/chB/dac_pnt_reg[19]
INFO: [Physopt 32-662] Processed net i_asg/chB/dac_pnt[19]_i_3__0_n_0.  Did not re-place instance i_asg/chB/dac_pnt[19]_i_3__0
INFO: [Physopt 32-662] Processed net i_asg/chA/inst_axi_dac/set_a_ofs_reg[29][15].  Did not re-place instance i_asg/chA/inst_axi_dac/dac_pnt[15]_i_1
INFO: [Physopt 32-662] Processed net i_asg/chB/inst_axi_dac/set_b_ofs_reg[29][32].  Did not re-place instance i_asg/chB/inst_axi_dac/dac_pnt[32]_i_1__0
INFO: [Physopt 32-662] Processed net i_asg/chA/dac_pnt_reg_n_0_[15].  Did not re-place instance i_asg/chA/dac_pnt_reg[15]
INFO: [Physopt 32-662] Processed net i_asg/chB/dac_pnt_reg_n_0_[32].  Did not re-place instance i_asg/chB/dac_pnt_reg[32]
INFO: [Physopt 32-662] Processed net i_asg/chA/set_step_lo_reg[31]_0[5].  Did not re-place instance i_asg/chA/set_step_lo_reg[5]
INFO: [Physopt 32-662] Processed net i_asg/chB/inst_axi_dac/set_b_ofs_reg[29][33].  Did not re-place instance i_asg/chB/inst_axi_dac/dac_pnt[33]_i_1__0
INFO: [Physopt 32-662] Processed net i_asg/chB/dac_pnt_reg_n_0_[33].  Did not re-place instance i_asg/chB/dac_pnt_reg[33]
INFO: [Physopt 32-662] Processed net i_asg/chA/dac_pnt_reg_n_0_[12].  Did not re-place instance i_asg/chA/dac_pnt_reg[12]
INFO: [Physopt 32-662] Processed net i_asg/chA/dac_pnt[15]_i_6_n_0.  Did not re-place instance i_asg/chA/dac_pnt[15]_i_6
INFO: [Physopt 32-662] Processed net i_asg/chB/inst_axi_dac/inst_asg_dat_fifo/U0/inst_fifo_gen/gconvfifo.rf/grf.rf/gntv_or_sync_fifo.gcx.clkx/rd_pntr_cdc_inst/dest_out_bin[7].  Did not re-place instance i_asg/chB/inst_axi_dac/inst_asg_dat_fifo/U0/inst_fifo_gen/gconvfifo.rf/grf.rf/gntv_or_sync_fifo.gcx.clkx/rd_pntr_cdc_inst/dest_out_bin_ff_reg[7]
INFO: [Physopt 32-662] Processed net i_asg/chB/inst_axi_dac/set_b_ofs_reg[29][38].  Did not re-place instance i_asg/chB/inst_axi_dac/dac_pnt[38]_i_1__0
INFO: [Physopt 32-662] Processed net i_asg/chB/inst_axi_dac/set_b_ofs_reg[29][54].  Did not re-place instance i_asg/chB/inst_axi_dac/dac_pnt[54]_i_1__0
INFO: [Physopt 32-662] Processed net i_asg/chB/dac_pnt[54].  Did not re-place instance i_asg/chB/dac_pnt_reg[54]
INFO: [Physopt 32-662] Processed net i_asg/chB/dac_pnt_reg_n_0_[38].  Did not re-place instance i_asg/chB/dac_pnt_reg[38]
INFO: [Physopt 32-662] Processed net i_asg/chB/inst_axi_dac/set_b_ofs_reg[29][44].  Did not re-place instance i_asg/chB/inst_axi_dac/dac_pnt[44]_i_1__0
INFO: [Physopt 32-662] Processed net i_asg/chB/dac_pnt_reg_n_0_[44].  Did not re-place instance i_asg/chB/dac_pnt_reg[44]
INFO: [Physopt 32-662] Processed net i_asg/chA/inst_axi_dac/set_a_ofs_reg[29][17].  Did not re-place instance i_asg/chA/inst_axi_dac/dac_pnt[17]_i_1
INFO: [Physopt 32-662] Processed net i_asg/chA/dac_pnt_reg_n_0_[17].  Did not re-place instance i_asg/chA/dac_pnt_reg[17]
INFO: [Physopt 32-662] Processed net i_asg/chB/inst_axi_dac/set_b_ofs_reg[29][45].  Did not re-place instance i_asg/chB/inst_axi_dac/dac_pnt[45]_i_1__0
INFO: [Physopt 32-662] Processed net i_asg/chB/dac_pnt_reg_n_0_[45].  Did not re-place instance i_asg/chB/dac_pnt_reg[45]
INFO: [Physopt 32-662] Processed net i_asg/chB/inst_axi_dac/set_b_ofs_reg[29][57].  Did not re-place instance i_asg/chB/inst_axi_dac/dac_pnt[57]_i_1__0
INFO: [Physopt 32-662] Processed net i_asg/chB/dac_pnt[57].  Did not re-place instance i_asg/chB/dac_pnt_reg[57]
INFO: [Physopt 32-662] Processed net i_asg/chA/set_step_lo_reg[31]_0[11].  Did not re-place instance i_asg/chA/set_step_lo_reg[12]
INFO: [Physopt 32-662] Processed net i_asg/chB/inst_axi_dac/set_b_ofs_reg[29][48].  Did not re-place instance i_asg/chB/inst_axi_dac/dac_pnt[48]_i_1__0
INFO: [Physopt 32-662] Processed net i_asg/chB/dac_pnt[48].  Did not re-place instance i_asg/chB/dac_pnt_reg[48]
INFO: [Physopt 32-662] Processed net i_asg/chA/inst_axi_dac/set_a_ofs_reg[29][14].  Did not re-place instance i_asg/chA/inst_axi_dac/dac_pnt[14]_i_1
INFO: [Physopt 32-662] Processed net i_asg/chB/inst_axi_dac/set_b_ofs_reg[29][39].  Did not re-place instance i_asg/chB/inst_axi_dac/dac_pnt[39]_i_1__0
INFO: [Physopt 32-662] Processed net i_asg/chA/dac_pnt_reg_n_0_[14].  Did not re-place instance i_asg/chA/dac_pnt_reg[14]
INFO: [Physopt 32-662] Processed net i_asg/chB/dac_pnt_reg_n_0_[39].  Did not re-place instance i_asg/chB/dac_pnt_reg[39]
INFO: [Physopt 32-661] Optimized 5 nets.  Re-placed 5 instances.
INFO: [Physopt 32-775] End 1 Pass. Optimized 5 nets or cells. Created 0 new cell, deleted 0 existing cell and moved 5 existing cells
INFO: [Physopt 32-619] Estimated Timing Summary | WNS=-0.003 | TNS=-0.004 |
Netlist sorting complete. Time (s): cpu = 00:00:00 ; elapsed = 00:00:00.022 . Memory (MB): peak = 1794.730 ; gain = 0.000
Phase 9 Single Cell Placement Optimization | Checksum: 1920efc7b

Time (s): cpu = 00:01:28 ; elapsed = 00:00:54 . Memory (MB): peak = 1794.730 ; gain = 0.000

Phase 10 Multi Cell Placement Optimization
INFO: [Physopt 32-660] Identified 100 candidate nets for placement-based optimization.
INFO: [Physopt 32-662] Processed net i_asg/chA/inst_axi_dac/dac_pnt[61]_i_3_n_0.  Did not re-place instance i_asg/chA/inst_axi_dac/dac_pnt[61]_i_3/O
INFO: [Physopt 32-662] Processed net i_asg/chA/dac_pnt_reg_n_0_[1].  Did not re-place instance i_asg/chA/dac_pnt_reg[1]/Q
INFO: [Physopt 32-662] Processed net i_asg/chA/dac_pnt[61]_i_8_n_0.  Did not re-place instance i_asg/chA/dac_pnt[61]_i_8/O
INFO: [Physopt 32-662] Processed net i_asg/chA/inst_axi_dac/set_a_ofs_reg[29][43].  Did not re-place instance i_asg/chA/inst_axi_dac/dac_pnt[43]_i_1/O
INFO: [Physopt 32-662] Processed net i_asg/chA/inst_axi_dac/set_a_ofs_reg[29][60].  Did not re-place instance i_asg/chA/inst_axi_dac/dac_pnt[60]_i_1/O
INFO: [Physopt 32-661] Optimized 0 net.  Re-placed 0 instance.
INFO: [Physopt 32-775] End 1 Pass. Optimized 0 net or cell. Created 0 new cell, deleted 0 existing cell and moved 0 existing cell
Netlist sorting complete. Time (s): cpu = 00:00:00 ; elapsed = 00:00:00.016 . Memory (MB): peak = 1794.730 ; gain = 0.000
Phase 10 Multi Cell Placement Optimization | Checksum: 1ee5e5e4c

Time (s): cpu = 00:01:31 ; elapsed = 00:00:56 . Memory (MB): peak = 1794.730 ; gain = 0.000

Phase 11 Rewire
INFO: [Physopt 32-246] Starting Signal Push optimization...
INFO: [Physopt 32-241] No nets found for rewiring () optimization.
INFO: [Physopt 32-232] Optimized 0 net. Created 0 new instance.
INFO: [Physopt 32-775] End 1 Pass. Optimized 0 net or cell. Created 0 new cell, deleted 0 existing cell and moved 0 existing cell
Netlist sorting complete. Time (s): cpu = 00:00:00 ; elapsed = 00:00:00.016 . Memory (MB): peak = 1794.730 ; gain = 0.000
Phase 11 Rewire | Checksum: 1ee5e5e4c

Time (s): cpu = 00:01:31 ; elapsed = 00:00:56 . Memory (MB): peak = 1794.730 ; gain = 0.000

Phase 12 Critical Cell Optimization
INFO: [Physopt 32-46] Identified 10 candidate nets for critical-cell optimization.
INFO: [Physopt 32-571] Net i_asg/chB/dac_pnt_reg_n_0_[17] was not replicated.
INFO: [Physopt 32-571] Net i_asg/chB/dac_pnt_reg_n_0_[19] was not replicated.
INFO: [Physopt 32-571] Net i_asg/chA/set_step_lo_reg[31]_0[5] was not replicated.
INFO: [Physopt 32-571] Net i_asg/chA/dac_pnt_reg_n_0_[12] was not replicated.
INFO: [Physopt 32-571] Net i_asg/chA/set_step_lo_reg[31]_0[11] was not replicated.
INFO: [Physopt 32-571] Net ps/system_i/axi_protocol_converter_0/inst/gen_axilite.gen_b2s_conv.axilite_b2s/RD.ar_channel_0/ar_cmd_fsm_0/m_valid_i_reg_0 was not replicated.
INFO: [Physopt 32-571] Net ps/system_i/axi_protocol_converter_0/inst/gen_axilite.gen_b2s_conv.axilite_b2s/RD.ar_channel_0/cmd_translator_0/incr_cmd_0/axlen_cnt_reg[7]_0 was not replicated.
INFO: [Physopt 32-232] Optimized 0 net. Created 0 new instance.
INFO: [Physopt 32-775] End 1 Pass. Optimized 0 net or cell. Created 0 new cell, deleted 0 existing cell and moved 0 existing cell
Phase 12 Critical Cell Optimization | Checksum: 1ee5e5e4c

Time (s): cpu = 00:01:32 ; elapsed = 00:00:57 . Memory (MB): peak = 1794.730 ; gain = 0.000

Phase 13 SLR Crossing Optimization
Phase 13 SLR Crossing Optimization | Checksum: 1ee5e5e4c

Time (s): cpu = 00:01:32 ; elapsed = 00:00:57 . Memory (MB): peak = 1794.730 ; gain = 0.000

Phase 14 Fanout Optimization
INFO: [Physopt 32-64] No nets found for fanout-optimization.
INFO: [Physopt 32-232] Optimized 0 net. Created 0 new instance.
INFO: [Physopt 32-775] End 1 Pass. Optimized 0 net or cell. Created 0 new cell, deleted 0 existing cell and moved 0 existing cell
Phase 14 Fanout Optimization | Checksum: 1ee5e5e4c

Time (s): cpu = 00:01:32 ; elapsed = 00:00:57 . Memory (MB): peak = 1794.730 ; gain = 0.000

Phase 15 Single Cell Placement Optimization
INFO: [Physopt 32-660] Identified 244 candidate nets for placement-based optimization.
INFO: [Physopt 32-662] Processed net i_asg/chA/inst_axi_dac/dac_pnt[61]_i_3_n_0.  Did not re-place instance i_asg/chA/inst_axi_dac/dac_pnt[61]_i_3
INFO: [Physopt 32-662] Processed net i_asg/chA/dac_pnt_reg_n_0_[1].  Did not re-place instance i_asg/chA/dac_pnt_reg[1]
INFO: [Physopt 32-662] Processed net i_asg/chA/dac_pnt[12]_i_6_n_0.  Did not re-place instance i_asg/chA/dac_pnt[12]_i_6
INFO: [Physopt 32-662] Processed net i_asg/chA/dac_pnt[16]_i_6_n_0.  Did not re-place instance i_asg/chA/dac_pnt[16]_i_6
INFO: [Physopt 32-662] Processed net i_asg/chA/dac_pnt[20]_i_6_n_0.  Did not re-place instance i_asg/chA/dac_pnt[20]_i_6
INFO: [Physopt 32-662] Processed net i_asg/chA/dac_pnt[24]_i_6_n_0.  Did not re-place instance i_asg/chA/dac_pnt[24]_i_6
INFO: [Physopt 32-662] Processed net i_asg/chA/dac_pnt[28]_i_6_n_0.  Did not re-place instance i_asg/chA/dac_pnt[28]_i_6
INFO: [Physopt 32-662] Processed net i_asg/chA/dac_pnt[3]_i_5_n_0.  Did not re-place instance i_asg/chA/dac_pnt[3]_i_5
INFO: [Physopt 32-662] Processed net i_asg/chA/dac_pnt[61]_i_8_n_0.  Did not re-place instance i_asg/chA/dac_pnt[61]_i_8
INFO: [Physopt 32-662] Processed net i_asg/chA/inst_axi_dac/set_a_ofs_reg[29][43].  Did not re-place instance i_asg/chA/inst_axi_dac/dac_pnt[43]_i_1
INFO: [Physopt 32-662] Processed net i_asg/chA/dac_pnt_reg_n_0_[43].  Did not re-place instance i_asg/chA/dac_pnt_reg[43]
INFO: [Physopt 32-662] Processed net i_asg/chA/inst_axi_dac/set_a_ofs_reg[29][60].  Did not re-place instance i_asg/chA/inst_axi_dac/dac_pnt[60]_i_1
INFO: [Physopt 32-662] Processed net i_asg/chA/dac_pnt[60].  Did not re-place instance i_asg/chA/dac_pnt_reg[60]
INFO: [Physopt 32-662] Processed net i_asg/chA/inst_axi_dac/set_a_ofs_reg[29][61].  Did not re-place instance i_asg/chA/inst_axi_dac/dac_pnt[61]_i_2
INFO: [Physopt 32-662] Processed net i_asg/chA/dac_pnt[61].  Did not re-place instance i_asg/chA/dac_pnt_reg[61]
INFO: [Physopt 32-662] Processed net i_asg/chA/inst_axi_dac/set_a_ofs_reg[29][41].  Did not re-place instance i_asg/chA/inst_axi_dac/dac_pnt[41]_i_1
INFO: [Physopt 32-662] Processed net i_asg/chA/dac_pnt_reg_n_0_[41].  Did not re-place instance i_asg/chA/dac_pnt_reg[41]
INFO: [Physopt 32-662] Processed net i_asg/chA/inst_axi_dac/set_a_ofs_reg[29][50].  Did not re-place instance i_asg/chA/inst_axi_dac/dac_pnt[50]_i_1
INFO: [Physopt 32-662] Processed net i_asg/chA/dac_pnt[50].  Did not re-place instance i_asg/chA/dac_pnt_reg[50]
INFO: [Physopt 32-662] Processed net i_asg/chA/inst_axi_dac/set_a_ofs_reg[29][51].  Did not re-place instance i_asg/chA/inst_axi_dac/dac_pnt[51]_i_1
INFO: [Physopt 32-662] Processed net i_asg/chA/dac_pnt[51].  Did not re-place instance i_asg/chA/dac_pnt_reg[51]
INFO: [Physopt 32-662] Processed net i_asg/chA/inst_axi_dac/set_a_ofs_reg[29][58].  Did not re-place instance i_asg/chA/inst_axi_dac/dac_pnt[58]_i_1
INFO: [Physopt 32-662] Processed net i_asg/chA/dac_pnt[58].  Did not re-place instance i_asg/chA/dac_pnt_reg[58]
INFO: [Physopt 32-662] Processed net i_asg/chA/inst_axi_dac/set_a_ofs_reg[29][49].  Did not re-place instance i_asg/chA/inst_axi_dac/dac_pnt[49]_i_1
INFO: [Physopt 32-662] Processed net i_asg/chA/dac_pnt[49].  Did not re-place instance i_asg/chA/dac_pnt_reg[49]
INFO: [Physopt 32-662] Processed net i_asg/chA/dac_pnt_reg_n_0_[0].  Did not re-place instance i_asg/chA/dac_pnt_reg[0]
INFO: [Physopt 32-662] Processed net i_asg/chA/dac_pnt[3]_i_6_n_0.  Did not re-place instance i_asg/chA/dac_pnt[3]_i_6
INFO: [Physopt 32-662] Processed net i_asg/chA/inst_axi_dac/set_a_ofs_reg[29][45].  Did not re-place instance i_asg/chA/inst_axi_dac/dac_pnt[45]_i_1
INFO: [Physopt 32-662] Processed net i_asg/chA/dac_pnt_reg_n_0_[45].  Did not re-place instance i_asg/chA/dac_pnt_reg[45]
INFO: [Physopt 32-662] Processed net i_asg/chA/inst_axi_dac/set_a_ofs_reg[29][53].  Did not re-place instance i_asg/chA/inst_axi_dac/dac_pnt[53]_i_1
INFO: [Physopt 32-662] Processed net i_asg/chA/dac_pnt[53].  Did not re-place instance i_asg/chA/dac_pnt_reg[53]
INFO: [Physopt 32-662] Processed net i_asg/chA/inst_axi_dac/dac_pnt[61]_i_4_n_0.  Did not re-place instance i_asg/chA/inst_axi_dac/dac_pnt[61]_i_4
INFO: [Physopt 32-662] Processed net i_asg/chA/dac_pnt_reg_n_0_[9].  Did not re-place instance i_asg/chA/dac_pnt_reg[9]
INFO: [Physopt 32-662] Processed net i_asg/chA/dac_pnt[61]_i_10_n_0.  Did not re-place instance i_asg/chA/dac_pnt[61]_i_10
INFO: [Physopt 32-662] Processed net i_asg/chA/inst_axi_dac/set_a_ofs_reg[29][9].  Did not re-place instance i_asg/chA/inst_axi_dac/dac_pnt[9]_i_1
INFO: [Physopt 32-662] Processed net i_asg/chA/inst_axi_dac/set_a_ofs_reg[29][6].  Did not re-place instance i_asg/chA/inst_axi_dac/dac_pnt[6]_i_1
INFO: [Physopt 32-662] Processed net i_asg/chA/dac_pnt_reg_n_0_[6].  Did not re-place instance i_asg/chA/dac_pnt_reg[6]
INFO: [Physopt 32-662] Processed net i_asg/chA/inst_axi_dac/set_a_ofs_reg[29][42].  Did not re-place instance i_asg/chA/inst_axi_dac/dac_pnt[42]_i_1
INFO: [Physopt 32-662] Processed net i_asg/chA/dac_pnt_reg_n_0_[42].  Did not re-place instance i_asg/chA/dac_pnt_reg[42]
INFO: [Physopt 32-662] Processed net i_asg/chA/dac_pnt_reg_n_0_[4].  Did not re-place instance i_asg/chA/dac_pnt_reg[4]
INFO: [Physopt 32-662] Processed net i_asg/chA/dac_pnt[7]_i_6_n_0.  Did not re-place instance i_asg/chA/dac_pnt[7]_i_6
INFO: [Physopt 32-662] Processed net i_asg/chA/set_step_lo_reg[31]_0[1].  Did not re-place instance i_asg/chA/set_step_lo_reg[1]
INFO: [Physopt 32-662] Processed net i_asg/chA/inst_axi_dac/set_a_ofs_reg[29][36].  Did not re-place instance i_asg/chA/inst_axi_dac/dac_pnt[36]_i_1
INFO: [Physopt 32-662] Processed net i_asg/chA/dac_pnt_reg_n_0_[36].  Did not re-place instance i_asg/chA/dac_pnt_reg[36]
INFO: [Physopt 32-662] Processed net i_asg/chA/dac_pnt_reg_n_0_[2].  Did not re-place instance i_asg/chA/dac_pnt_reg[2]
INFO: [Physopt 32-662] Processed net i_asg/chA/dac_pnt[3]_i_4_n_0.  Did not re-place instance i_asg/chA/dac_pnt[3]_i_4
INFO: [Physopt 32-662] Processed net i_asg/chA/dac_pnt_reg_n_0_[3].  Did not re-place instance i_asg/chA/dac_pnt_reg[3]
INFO: [Physopt 32-662] Processed net i_asg/chA/dac_pnt[3]_i_3_n_0.  Did not re-place instance i_asg/chA/dac_pnt[3]_i_3
INFO: [Physopt 32-662] Processed net i_asg/chA/set_step_lo_reg[31]_0[2].  Did not re-place instance i_asg/chA/set_step_lo_reg[2]
INFO: [Physopt 32-662] Processed net i_asg/chA/inst_axi_dac/set_a_ofs_reg[29][30].  Did not re-place instance i_asg/chA/inst_axi_dac/dac_pnt[30]_i_1
INFO: [Physopt 32-662] Processed net i_asg/chA/dac_pnt_reg_n_0_[30].  Did not re-place instance i_asg/chA/dac_pnt_reg[30]
INFO: [Physopt 32-662] Processed net i_asg/chA/set_step_lo_reg[31]_0[0].  Did not re-place instance i_asg/chA/set_step_lo_reg[0]
INFO: [Physopt 32-662] Processed net i_asg/chA/set_step_lo_reg[31]_0[8].  Did not re-place instance i_asg/chA/set_step_lo_reg[9]
INFO: [Physopt 32-662] Processed net i_asg/chA/dac_pnt[11]_i_5_n_0.  Did not re-place instance i_asg/chA/dac_pnt[11]_i_5
INFO: [Physopt 32-662] Processed net i_asg/chA/inst_axi_dac/set_a_ofs_reg[29][29].  Did not re-place instance i_asg/chA/inst_axi_dac/dac_pnt[29]_i_1
INFO: [Physopt 32-662] Processed net i_asg/chA/dac_pnt_reg_n_0_[29].  Did not re-place instance i_asg/chA/dac_pnt_reg[29]
INFO: [Physopt 32-662] Processed net i_asg/chA/inst_axi_dac/set_a_ofs_reg[29][37].  Did not re-place instance i_asg/chA/inst_axi_dac/dac_pnt[37]_i_1
INFO: [Physopt 32-662] Processed net i_asg/chA/dac_pnt_reg_n_0_[37].  Did not re-place instance i_asg/chA/dac_pnt_reg[37]
INFO: [Physopt 32-662] Processed net i_asg/chA/inst_axi_dac/set_a_ofs_reg[29][34].  Did not re-place instance i_asg/chA/inst_axi_dac/dac_pnt[34]_i_1
INFO: [Physopt 32-662] Processed net i_asg/chA/dac_pnt_reg_n_0_[34].  Did not re-place instance i_asg/chA/dac_pnt_reg[34]
INFO: [Physopt 32-662] Processed net i_asg/chA/dac_pnt_reg_n_0_[5].  Did not re-place instance i_asg/chA/dac_pnt_reg[5]
INFO: [Physopt 32-662] Processed net i_asg/chA/dac_pnt[7]_i_5_n_0.  Did not re-place instance i_asg/chA/dac_pnt[7]_i_5
INFO: [Physopt 32-662] Processed net i_asg/chA/inst_axi_dac/set_a_ofs_reg[29][33].  Did not re-place instance i_asg/chA/inst_axi_dac/dac_pnt[33]_i_1
INFO: [Physopt 32-662] Processed net i_asg/chA/inst_axi_dac/set_a_ofs_reg[29][39].  Did not re-place instance i_asg/chA/inst_axi_dac/dac_pnt[39]_i_1
INFO: [Physopt 32-662] Processed net i_asg/chA/dac_pnt_reg_n_0_[33].  Did not re-place instance i_asg/chA/dac_pnt_reg[33]
INFO: [Physopt 32-662] Processed net i_asg/chA/dac_pnt_reg_n_0_[39].  Did not re-place instance i_asg/chA/dac_pnt_reg[39]
INFO: [Physopt 32-662] Processed net i_asg/chA/inst_axi_dac/set_a_ofs_reg[29][32].  Did not re-place instance i_asg/chA/inst_axi_dac/dac_pnt[32]_i_1
INFO: [Physopt 32-662] Processed net i_asg/chA/inst_axi_dac/set_a_ofs_reg[29][38].  Did not re-place instance i_asg/chA/inst_axi_dac/dac_pnt[38]_i_1
INFO: [Physopt 32-662] Processed net i_asg/chA/inst_axi_dac/set_a_ofs_reg[29][48].  Did not re-place instance i_asg/chA/inst_axi_dac/dac_pnt[48]_i_1
INFO: [Physopt 32-662] Processed net i_asg/chA/dac_pnt[48].  Did not re-place instance i_asg/chA/dac_pnt_reg[48]
INFO: [Physopt 32-662] Processed net i_asg/chA/dac_pnt_reg_n_0_[32].  Did not re-place instance i_asg/chA/dac_pnt_reg[32]
INFO: [Physopt 32-662] Processed net i_asg/chA/dac_pnt_reg_n_0_[38].  Did not re-place instance i_asg/chA/dac_pnt_reg[38]
INFO: [Physopt 32-662] Processed net i_asg/chA/dac_pnt[32]_i_6_n_0.  Did not re-place instance i_asg/chA/dac_pnt[32]_i_6
INFO: [Physopt 32-662] Processed net i_asg/chA/dac_pnt[36]_i_6_n_0.  Did not re-place instance i_asg/chA/dac_pnt[36]_i_6
INFO: [Physopt 32-662] Processed net i_asg/chA/dac_pnt[40]_i_6_n_0.  Did not re-place instance i_asg/chA/dac_pnt[40]_i_6
INFO: [Physopt 32-662] Processed net i_asg/chA/dac_pnt[44]_i_6_n_0.  Did not re-place instance i_asg/chA/dac_pnt[44]_i_6
INFO: [Physopt 32-662] Processed net i_asg/chA/dac_pnt[48]_i_6_n_0.  Did not re-place instance i_asg/chA/dac_pnt[48]_i_6
INFO: [Physopt 32-662] Processed net i_asg/chA/dac_pnt[52]_i_6_n_0.  Did not re-place instance i_asg/chA/dac_pnt[52]_i_6
INFO: [Physopt 32-662] Processed net i_asg/chA/dac_pnt[56]_i_6_n_0.  Did not re-place instance i_asg/chA/dac_pnt[56]_i_6
INFO: [Physopt 32-662] Processed net i_asg/chA/dac_pnt[60]_i_6_n_0.  Did not re-place instance i_asg/chA/dac_pnt[60]_i_6
INFO: [Physopt 32-662] Processed net i_asg/chA/dac_pnt[8]_i_6_n_0.  Did not re-place instance i_asg/chA/dac_pnt[8]_i_6
INFO: [Physopt 32-662] Processed net i_asg/chA/inst_axi_dac/set_a_ofs_reg[29][40].  Did not re-place instance i_asg/chA/inst_axi_dac/dac_pnt[40]_i_1
INFO: [Physopt 32-662] Processed net i_asg/chA/dac_pnt_reg_n_0_[40].  Did not re-place instance i_asg/chA/dac_pnt_reg[40]
INFO: [Physopt 32-662] Processed net i_asg/chA/inst_axi_dac/set_a_ofs_reg[29][59].  Did not re-place instance i_asg/chA/inst_axi_dac/dac_pnt[59]_i_1
INFO: [Physopt 32-662] Processed net i_asg/chA/dac_pnt[59].  Did not re-place instance i_asg/chA/dac_pnt_reg[59]
INFO: [Physopt 32-662] Processed net i_asg/chA/inst_axi_dac/set_a_ofs_reg[29][47].  Did not re-place instance i_asg/chA/inst_axi_dac/dac_pnt[47]_i_1
INFO: [Physopt 32-662] Processed net i_asg/chA/dac_pnt_reg_n_0_[47].  Did not re-place instance i_asg/chA/dac_pnt_reg[47]
INFO: [Physopt 32-662] Processed net i_asg/chA/inst_axi_dac/dac_pnt[61]_i_7_n_0.  Did not re-place instance i_asg/chA/inst_axi_dac/dac_pnt[61]_i_7
INFO: [Physopt 32-662] Processed net i_asg/chA/dac_pnt[12]_i_3_n_0.  Did not re-place instance i_asg/chA/dac_pnt[12]_i_3
INFO: [Physopt 32-662] Processed net i_asg/chA/dac_pnt[16]_i_3_n_0.  Did not re-place instance i_asg/chA/dac_pnt[16]_i_3
INFO: [Physopt 32-662] Processed net i_asg/chA/dac_pnt[20]_i_3_n_0.  Did not re-place instance i_asg/chA/dac_pnt[20]_i_3
INFO: [Physopt 32-662] Processed net i_asg/chA/set_step_lo_reg[31]_0[4].  Did not re-place instance i_asg/chA/set_step_lo_reg[4]
INFO: [Physopt 32-662] Processed net i_asg/chB/inst_axi_dac/dac_pnt[61]_i_4__0_n_0.  Did not re-place instance i_asg/chB/inst_axi_dac/dac_pnt[61]_i_4__0
INFO: [Physopt 32-662] Processed net i_asg/chA/dac_do.  Did not re-place instance i_asg/chA/dac_do_reg
INFO: [Physopt 32-662] Processed net i_asg/chB/dac_pnt_reg_n_0_[16].  Did not re-place instance i_asg/chB/dac_pnt_reg[16]
INFO: [Physopt 32-662] Processed net i_asg/chB/dac_pnt[19]_i_6__0_n_0.  Did not re-place instance i_asg/chB/dac_pnt[19]_i_6__0
INFO: [Physopt 32-662] Processed net i_asg/chB/dac_pnt[24]_i_6__0_n_0.  Did not re-place instance i_asg/chB/dac_pnt[24]_i_6__0
INFO: [Physopt 32-662] Processed net i_asg/chB/dac_pnt[28]_i_6__0_n_0.  Did not re-place instance i_asg/chB/dac_pnt[28]_i_6__0
INFO: [Physopt 32-662] Processed net i_asg/chB/dac_pnt[32]_i_6__0_n_0.  Did not re-place instance i_asg/chB/dac_pnt[32]_i_6__0
INFO: [Physopt 32-662] Processed net i_asg/chB/dac_pnt[36]_i_6__0_n_0.  Did not re-place instance i_asg/chB/dac_pnt[36]_i_6__0
INFO: [Physopt 32-662] Processed net i_asg/chB/dac_pnt[40]_i_6__0_n_0.  Did not re-place instance i_asg/chB/dac_pnt[40]_i_6__0
INFO: [Physopt 32-662] Processed net i_asg/chB/dac_pnt[44]_i_6__0_n_0.  Did not re-place instance i_asg/chB/dac_pnt[44]_i_6__0
INFO: [Physopt 32-662] Processed net i_asg/chB/dac_pnt[48]_i_6__0_n_0.  Did not re-place instance i_asg/chB/dac_pnt[48]_i_6__0
INFO: [Physopt 32-662] Processed net i_asg/chB/dac_pnt[52]_i_6__0_n_0.  Did not re-place instance i_asg/chB/dac_pnt[52]_i_6__0
INFO: [Physopt 32-662] Processed net i_asg/chB/dac_pnt[56]_i_6__0_n_0.  Did not re-place instance i_asg/chB/dac_pnt[56]_i_6__0
INFO: [Physopt 32-662] Processed net i_asg/chB/dac_pnt[60]_i_6__0_n_0.  Did not re-place instance i_asg/chB/dac_pnt[60]_i_6__0
INFO: [Physopt 32-662] Processed net i_asg/chB/dac_pnt[61]_i_11_n_0.  Did not re-place instance i_asg/chB/dac_pnt[61]_i_11
INFO: [Physopt 32-662] Processed net i_asg/chB/inst_axi_dac/set_b_ofs_reg[29][5].  Did not re-place instance i_asg/chB/inst_axi_dac/dac_pnt[5]_i_1__1
INFO: [Physopt 32-662] Processed net i_asg/chB/dac_pnt_reg_n_0_[5].  Did not re-place instance i_asg/chB/dac_pnt_reg[5]
INFO: [Physopt 32-662] Processed net i_asg/chA/inst_axi_dac/set_a_ofs_reg[29][44].  Did not re-place instance i_asg/chA/inst_axi_dac/dac_pnt[44]_i_1
INFO: [Physopt 32-662] Processed net i_asg/chA/inst_axi_dac/set_a_ofs_reg[29][56].  Did not re-place instance i_asg/chA/inst_axi_dac/dac_pnt[56]_i_1
INFO: [Physopt 32-662] Processed net i_asg/chA/dac_pnt[56].  Did not re-place instance i_asg/chA/dac_pnt_reg[56]
INFO: [Physopt 32-662] Processed net i_asg/chA/dac_pnt_reg_n_0_[44].  Did not re-place instance i_asg/chA/dac_pnt_reg[44]
INFO: [Physopt 32-662] Processed net i_asg/chA/inst_axi_dac/set_a_ofs_reg[29][1].  Did not re-place instance i_asg/chA/inst_axi_dac/dac_pnt[1]_i_1
INFO: [Physopt 32-662] Processed net i_asg/chB/dac_do.  Did not re-place instance i_asg/chB/dac_do_reg
INFO: [Physopt 32-662] Processed net i_asg/chA/inst_axi_dac/set_a_ofs_reg[29][55].  Did not re-place instance i_asg/chA/inst_axi_dac/dac_pnt[55]_i_1
INFO: [Physopt 32-662] Processed net i_asg/chB/dac_pnt[12]_i_6__0_n_0.  Did not re-place instance i_asg/chB/dac_pnt[12]_i_6__0
INFO: [Physopt 32-662] Processed net i_asg/chB/dac_pnt[16]_i_6__0_n_0.  Did not re-place instance i_asg/chB/dac_pnt[16]_i_6__0
INFO: [Physopt 32-662] Processed net i_asg/chB/dac_pnt[20]_i_6__0_n_0.  Did not re-place instance i_asg/chB/dac_pnt[20]_i_6__0
INFO: [Physopt 32-662] Processed net i_asg/chB/dac_pnt[7]_i_5__0_n_0.  Did not re-place instance i_asg/chB/dac_pnt[7]_i_5__0
INFO: [Physopt 32-662] Processed net i_asg/chA/dac_pnt[55].  Did not re-place instance i_asg/chA/dac_pnt_reg[55]
INFO: [Physopt 32-662] Processed net i_asg/chA/set_step_lo_reg[31]_0[3].  Did not re-place instance i_asg/chA/set_step_lo_reg[3]
INFO: [Physopt 32-662] Processed net i_asg/chA/dac_pnt[12]_i_4_n_0.  Did not re-place instance i_asg/chA/dac_pnt[12]_i_4
INFO: [Physopt 32-662] Processed net i_asg/chA/dac_pnt[16]_i_4_n_0.  Did not re-place instance i_asg/chA/dac_pnt[16]_i_4
INFO: [Physopt 32-662] Processed net i_asg/chA/dac_pnt[20]_i_4_n_0.  Did not re-place instance i_asg/chA/dac_pnt[20]_i_4
INFO: [Physopt 32-662] Processed net i_asg/chA/dac_pnt[28]_i_4_n_0.  Did not re-place instance i_asg/chA/dac_pnt[28]_i_4
INFO: [Physopt 32-662] Processed net i_asg/chA/inst_axi_dac/set_a_ofs_reg[29][46].  Did not re-place instance i_asg/chA/inst_axi_dac/dac_pnt[46]_i_1
INFO: [Physopt 32-662] Processed net i_asg/chA/dac_pnt_reg_n_0_[46].  Did not re-place instance i_asg/chA/dac_pnt_reg[46]
INFO: [Physopt 32-662] Processed net i_asg/chA/inst_axi_dac/set_a_ofs_reg[29][52].  Did not re-place instance i_asg/chA/inst_axi_dac/dac_pnt[52]_i_1
INFO: [Physopt 32-662] Processed net i_asg/chA/dac_pnt[52].  Did not re-place instance i_asg/chA/dac_pnt_reg[52]
INFO: [Physopt 32-662] Processed net i_asg/chB/dac_pnt_reg_n_0_[1].  Did not re-place instance i_asg/chB/dac_pnt_reg[1]
INFO: [Physopt 32-662] Processed net i_asg/chA/inst_axi_dac/set_a_ofs_reg[29][35].  Did not re-place instance i_asg/chA/inst_axi_dac/dac_pnt[35]_i_1
INFO: [Physopt 32-662] Processed net i_asg/chB/dac_pnt[3]_i_5__0_n_0.  Did not re-place instance i_asg/chB/dac_pnt[3]_i_5__0
INFO: [Physopt 32-662] Processed net i_asg/chB/dac_pnt[8]_i_6__0_n_0.  Did not re-place instance i_asg/chB/dac_pnt[8]_i_6__0
INFO: [Physopt 32-662] Processed net i_asg/chA/dac_pnt_reg_n_0_[35].  Did not re-place instance i_asg/chA/dac_pnt_reg[35]
INFO: [Physopt 32-662] Processed net i_asg/chB/dac_pnt_reg_n_0_[2].  Did not re-place instance i_asg/chB/dac_pnt_reg[2]
INFO: [Physopt 32-662] Processed net i_asg/chA/inst_axi_dac/set_a_ofs_reg[29][3].  Did not re-place instance i_asg/chA/inst_axi_dac/dac_pnt[3]_i_1
INFO: [Physopt 32-662] Processed net i_asg/chA/inst_axi_dac/set_a_ofs_reg[29][5].  Did not re-place instance i_asg/chA/inst_axi_dac/dac_pnt[5]_i_1
INFO: [Physopt 32-663] Processed net i_asg/chB/dac_pnt[3]_i_4__0_n_0.  Re-placed instance i_asg/chB/dac_pnt[3]_i_4__0
INFO: [Physopt 32-662] Processed net i_asg/chB/dac_pnt_reg_n_0_[20].  Did not re-place instance i_asg/chB/dac_pnt_reg[20]
INFO: [Physopt 32-662] Processed net i_asg/chB/dac_pnt[23]_i_6__0_n_0.  Did not re-place instance i_asg/chB/dac_pnt[23]_i_6__0
INFO: [Physopt 32-662] Processed net i_asg/chB/dac_pnt[7]_i_6__0_n_0.  Did not re-place instance i_asg/chB/dac_pnt[7]_i_6__0
INFO: [Physopt 32-662] Processed net i_asg/chB/dac_pnt_reg_n_0_[3].  Did not re-place instance i_asg/chB/dac_pnt_reg[3]
INFO: [Physopt 32-662] Processed net i_asg/chA/inst_axi_dac/set_a_ofs_reg[29][23].  Did not re-place instance i_asg/chA/inst_axi_dac/dac_pnt[23]_i_1
INFO: [Physopt 32-662] Processed net i_asg/chB/dac_pnt[3]_i_3__0_n_0.  Did not re-place instance i_asg/chB/dac_pnt[3]_i_3__0
INFO: [Physopt 32-662] Processed net i_asg/chA/dac_pnt_reg_n_0_[23].  Did not re-place instance i_asg/chA/dac_pnt_reg[23]
INFO: [Physopt 32-662] Processed net i_asg/chB/inst_axi_dac/set_b_ofs_reg[29][47].  Did not re-place instance i_asg/chB/inst_axi_dac/dac_pnt[47]_i_1__0
INFO: [Physopt 32-662] Processed net i_asg/chB/dac_pnt_reg_n_0_[47].  Did not re-place instance i_asg/chB/dac_pnt_reg[47]
INFO: [Physopt 32-662] Processed net i_asg/chB/set_step_lo_reg[31]_0[5].  Did not re-place instance i_asg/chB/set_step_lo_reg[5]
INFO: [Physopt 32-662] Processed net i_asg/chB/inst_axi_dac/set_b_ofs_reg[29][43].  Did not re-place instance i_asg/chB/inst_axi_dac/dac_pnt[43]_i_1__0
INFO: [Physopt 32-662] Processed net i_asg/chB/dac_pnt_reg_n_0_[43].  Did not re-place instance i_asg/chB/dac_pnt_reg[43]
INFO: [Physopt 32-662] Processed net i_asg/chA/inst_axi_dac/set_a_ofs_reg[29][7].  Did not re-place instance i_asg/chA/inst_axi_dac/dac_pnt[7]_i_1
INFO: [Physopt 32-662] Processed net i_asg/chB/inst_axi_dac/set_b_ofs_reg[29][34].  Did not re-place instance i_asg/chB/inst_axi_dac/dac_pnt[34]_i_1__0
INFO: [Physopt 32-662] Processed net i_asg/chA/dac_pnt_reg_n_0_[7].  Did not re-place instance i_asg/chA/dac_pnt_reg[7]
INFO: [Physopt 32-662] Processed net i_asg/chB/dac_pnt_reg_n_0_[34].  Did not re-place instance i_asg/chB/dac_pnt_reg[34]
INFO: [Physopt 32-662] Processed net i_asg/chA/dac_pnt_reg_n_0_[8].  Did not re-place instance i_asg/chA/dac_pnt_reg[8]
INFO: [Physopt 32-662] Processed net i_asg/chA/dac_pnt[11]_i_6_n_0.  Did not re-place instance i_asg/chA/dac_pnt[11]_i_6
INFO: [Physopt 32-662] Processed net i_asg/chB/inst_axi_dac/set_b_ofs_reg[29][10].  Did not re-place instance i_asg/chB/inst_axi_dac/dac_pnt[10]_i_1__1
INFO: [Physopt 32-662] Processed net i_asg/chB/inst_axi_dac/set_b_ofs_reg[29][40].  Did not re-place instance i_asg/chB/inst_axi_dac/dac_pnt[40]_i_1__0
INFO: [Physopt 32-662] Processed net i_asg/chB/dac_pnt_reg_n_0_[10].  Did not re-place instance i_asg/chB/dac_pnt_reg[10]
INFO: [Physopt 32-662] Processed net i_asg/chB/dac_pnt_reg_n_0_[40].  Did not re-place instance i_asg/chB/dac_pnt_reg[40]
INFO: [Physopt 32-662] Processed net i_asg/chB/dac_pnt_reg_n_0_[0].  Did not re-place instance i_asg/chB/dac_pnt_reg[0]
INFO: [Physopt 32-662] Processed net i_asg/chA/inst_axi_dac/set_a_ofs_reg[29][57].  Did not re-place instance i_asg/chA/inst_axi_dac/dac_pnt[57]_i_1
INFO: [Physopt 32-662] Processed net i_asg/chB/dac_pnt[3]_i_6__0_n_0.  Did not re-place instance i_asg/chB/dac_pnt[3]_i_6__0
INFO: [Physopt 32-662] Processed net i_asg/chA/dac_pnt[57].  Did not re-place instance i_asg/chA/dac_pnt_reg[57]
INFO: [Physopt 32-662] Processed net i_asg/chA/inst_axi_dac/set_a_ofs_reg[29][22].  Did not re-place instance i_asg/chA/inst_axi_dac/dac_pnt[22]_i_1
INFO: [Physopt 32-662] Processed net i_asg/chB/inst_axi_dac/set_b_ofs_reg[29][46].  Did not re-place instance i_asg/chB/inst_axi_dac/dac_pnt[46]_i_1__0
INFO: [Physopt 32-662] Processed net i_asg/chA/dac_pnt_reg_n_0_[22].  Did not re-place instance i_asg/chA/dac_pnt_reg[22]
INFO: [Physopt 32-662] Processed net i_asg/chB/dac_pnt_reg_n_0_[46].  Did not re-place instance i_asg/chB/dac_pnt_reg[46]
INFO: [Physopt 32-662] Processed net i_asg/chA/dac_pnt_reg_n_0_[10].  Did not re-place instance i_asg/chA/dac_pnt_reg[10]
INFO: [Physopt 32-662] Processed net i_asg/chA/dac_pnt[11]_i_4_n_0.  Did not re-place instance i_asg/chA/dac_pnt[11]_i_4
INFO: [Physopt 32-662] Processed net i_asg/chA/inst_axi_dac/set_a_ofs_reg[29][54].  Did not re-place instance i_asg/chA/inst_axi_dac/dac_pnt[54]_i_1
INFO: [Physopt 32-662] Processed net i_asg/chB/inst_axi_dac/set_b_ofs_reg[29][13].  Did not re-place instance i_asg/chB/inst_axi_dac/dac_pnt[13]_i_1__1
INFO: [Physopt 32-662] Processed net i_asg/chB/inst_axi_dac/set_b_ofs_reg[29][42].  Did not re-place instance i_asg/chB/inst_axi_dac/dac_pnt[42]_i_1__0
INFO: [Physopt 32-662] Processed net i_asg/chA/dac_pnt[54].  Did not re-place instance i_asg/chA/dac_pnt_reg[54]
INFO: [Physopt 32-662] Processed net i_asg/chB/dac_pnt_reg_n_0_[13].  Did not re-place instance i_asg/chB/dac_pnt_reg[13]
INFO: [Physopt 32-662] Processed net i_asg/chB/dac_pnt_reg_n_0_[42].  Did not re-place instance i_asg/chB/dac_pnt_reg[42]
INFO: [Physopt 32-662] Processed net i_asg/chB/cyc_cnt_reg[0]_0.  Did not re-place instance i_asg/chB/dac_do_i_2__1
INFO: [Physopt 32-662] Processed net i_asg/dac_do_i_1__2_n_0.  Did not re-place instance i_asg/dac_do_i_1__2
INFO: [Physopt 32-662] Processed net i_asg/chB/inst_axi_dac/set_b_ofs_reg[29][35].  Did not re-place instance i_asg/chB/inst_axi_dac/dac_pnt[35]_i_1__0
INFO: [Physopt 32-662] Processed net i_asg/chB/dac_pnt_reg_n_0_[35].  Did not re-place instance i_asg/chB/dac_pnt_reg[35]
INFO: [Physopt 32-662] Processed net i_asg/chB/dac_pnt_reg_n_0_[17].  Did not re-place instance i_asg/chB/dac_pnt_reg[17]
INFO: [Physopt 32-662] Processed net i_asg/chB/dac_pnt[19]_i_5__0_n_0.  Did not re-place instance i_asg/chB/dac_pnt[19]_i_5__0
INFO: [Physopt 32-662] Processed net i_asg/chB/inst_axi_dac/set_b_ofs_reg[29][53].  Did not re-place instance i_asg/chB/inst_axi_dac/dac_pnt[53]_i_1__0
INFO: [Physopt 32-662] Processed net i_asg/chB/dac_pnt[53].  Did not re-place instance i_asg/chB/dac_pnt_reg[53]
INFO: [Physopt 32-662] Processed net i_asg/chA/inst_axi_dac/set_a_ofs_reg[29][2].  Did not re-place instance i_asg/chA/inst_axi_dac/dac_pnt[2]_i_1
INFO: [Physopt 32-662] Processed net i_asg/chB/inst_axi_dac/set_b_ofs_reg[29][11].  Did not re-place instance i_asg/chB/inst_axi_dac/dac_pnt[11]_i_1__1
INFO: [Physopt 32-662] Processed net i_asg/chB/dac_pnt_reg_n_0_[11].  Did not re-place instance i_asg/chB/dac_pnt_reg[11]
INFO: [Physopt 32-662] Processed net i_asg/chB/inst_axi_dac/set_b_ofs_reg[29][7].  Did not re-place instance i_asg/chB/inst_axi_dac/dac_pnt[7]_i_1__1
INFO: [Physopt 32-662] Processed net i_asg/chB/dac_pnt_reg_n_0_[7].  Did not re-place instance i_asg/chB/dac_pnt_reg[7]
INFO: [Physopt 32-662] Processed net i_asg/chA/inst_axi_dac/set_a_ofs_reg[29][4].  Did not re-place instance i_asg/chA/inst_axi_dac/dac_pnt[4]_i_1
INFO: [Physopt 32-662] Processed net i_asg/chB/inst_axi_dac/dac_pnt[61]_i_3__0_n_0.  Did not re-place instance i_asg/chB/inst_axi_dac/dac_pnt[61]_i_3__0
INFO: [Physopt 32-662] Processed net i_asg/chB/dac_pnt[61]_i_8__0_n_0.  Did not re-place instance i_asg/chB/dac_pnt[61]_i_8__0
INFO: [Physopt 32-662] Processed net i_asg/chA/inst_axi_dac/set_a_ofs_reg[29][13].  Did not re-place instance i_asg/chA/inst_axi_dac/dac_pnt[13]_i_1
INFO: [Physopt 32-662] Processed net i_asg/chA/dac_pnt_reg_n_0_[13].  Did not re-place instance i_asg/chA/dac_pnt_reg[13]
INFO: [Physopt 32-662] Processed net i_asg/chB/set_step_lo_reg[31]_0[0].  Did not re-place instance i_asg/chB/set_step_lo_reg[0]
INFO: [Physopt 32-662] Processed net i_scope/genblk1[1].i_dfilt1_ch/r3_shr_reg[3]_0[0].  Did not re-place instance i_scope/genblk1[1].i_dfilt1_ch/pp_mult_i_23
INFO: [Physopt 32-662] Processed net i_asg/chB/inst_axi_dac/set_b_ofs_reg[29][37].  Did not re-place instance i_asg/chB/inst_axi_dac/dac_pnt[37]_i_1__0
INFO: [Physopt 32-662] Processed net i_asg/chB/dac_pnt_reg_n_0_[37].  Did not re-place instance i_asg/chB/dac_pnt_reg[37]
INFO: [Physopt 32-662] Processed net i_asg/chA/dac_pnt[12]_i_5_n_0.  Did not re-place instance i_asg/chA/dac_pnt[12]_i_5
INFO: [Physopt 32-662] Processed net i_asg/chA/dac_pnt[16]_i_5_n_0.  Did not re-place instance i_asg/chA/dac_pnt[16]_i_5
INFO: [Physopt 32-662] Processed net i_asg/chA/dac_pnt[20]_i_5_n_0.  Did not re-place instance i_asg/chA/dac_pnt[20]_i_5
INFO: [Physopt 32-662] Processed net i_asg/chA/dac_pnt[24]_i_5_n_0.  Did not re-place instance i_asg/chA/dac_pnt[24]_i_5
INFO: [Physopt 32-662] Processed net i_asg/chA/dac_pnt[28]_i_5_n_0.  Did not re-place instance i_asg/chA/dac_pnt[28]_i_5
INFO: [Physopt 32-662] Processed net i_asg/chB/dac_pnt_reg_n_0_[19].  Did not re-place instance i_asg/chB/dac_pnt_reg[19]
INFO: [Physopt 32-662] Processed net i_asg/chB/dac_pnt[19]_i_3__0_n_0.  Did not re-place instance i_asg/chB/dac_pnt[19]_i_3__0
INFO: [Physopt 32-662] Processed net i_asg/chA/inst_axi_dac/set_a_ofs_reg[29][15].  Did not re-place instance i_asg/chA/inst_axi_dac/dac_pnt[15]_i_1
INFO: [Physopt 32-662] Processed net i_asg/chB/inst_axi_dac/set_b_ofs_reg[29][32].  Did not re-place instance i_asg/chB/inst_axi_dac/dac_pnt[32]_i_1__0
INFO: [Physopt 32-662] Processed net i_asg/chA/dac_pnt_reg_n_0_[15].  Did not re-place instance i_asg/chA/dac_pnt_reg[15]
INFO: [Physopt 32-662] Processed net i_asg/chB/dac_pnt_reg_n_0_[32].  Did not re-place instance i_asg/chB/dac_pnt_reg[32]
INFO: [Physopt 32-662] Processed net i_asg/chA/set_step_lo_reg[31]_0[5].  Did not re-place instance i_asg/chA/set_step_lo_reg[5]
INFO: [Physopt 32-662] Processed net i_asg/chB/inst_axi_dac/set_b_ofs_reg[29][33].  Did not re-place instance i_asg/chB/inst_axi_dac/dac_pnt[33]_i_1__0
INFO: [Physopt 32-662] Processed net i_asg/chB/dac_pnt_reg_n_0_[33].  Did not re-place instance i_asg/chB/dac_pnt_reg[33]
INFO: [Physopt 32-662] Processed net i_asg/chA/dac_pnt_reg_n_0_[12].  Did not re-place instance i_asg/chA/dac_pnt_reg[12]
INFO: [Physopt 32-662] Processed net i_asg/chA/dac_pnt[15]_i_6_n_0.  Did not re-place instance i_asg/chA/dac_pnt[15]_i_6
INFO: [Physopt 32-662] Processed net i_asg/chB/inst_axi_dac/set_b_ofs_reg[29][38].  Did not re-place instance i_asg/chB/inst_axi_dac/dac_pnt[38]_i_1__0
INFO: [Physopt 32-662] Processed net i_asg/chB/inst_axi_dac/set_b_ofs_reg[29][54].  Did not re-place instance i_asg/chB/inst_axi_dac/dac_pnt[54]_i_1__0
INFO: [Physopt 32-662] Processed net i_asg/chB/dac_pnt[54].  Did not re-place instance i_asg/chB/dac_pnt_reg[54]
INFO: [Physopt 32-662] Processed net i_asg/chB/dac_pnt_reg_n_0_[38].  Did not re-place instance i_asg/chB/dac_pnt_reg[38]
INFO: [Physopt 32-662] Processed net i_asg/chB/inst_axi_dac/set_b_ofs_reg[29][44].  Did not re-place instance i_asg/chB/inst_axi_dac/dac_pnt[44]_i_1__0
INFO: [Physopt 32-662] Processed net i_asg/chB/dac_pnt_reg_n_0_[44].  Did not re-place instance i_asg/chB/dac_pnt_reg[44]
INFO: [Physopt 32-662] Processed net i_asg/chA/inst_axi_dac/set_a_ofs_reg[29][17].  Did not re-place instance i_asg/chA/inst_axi_dac/dac_pnt[17]_i_1
INFO: [Physopt 32-662] Processed net i_asg/chA/dac_pnt_reg_n_0_[17].  Did not re-place instance i_asg/chA/dac_pnt_reg[17]
INFO: [Physopt 32-662] Processed net i_asg/chB/inst_axi_dac/set_b_ofs_reg[29][45].  Did not re-place instance i_asg/chB/inst_axi_dac/dac_pnt[45]_i_1__0
INFO: [Physopt 32-662] Processed net i_asg/chB/dac_pnt_reg_n_0_[45].  Did not re-place instance i_asg/chB/dac_pnt_reg[45]
INFO: [Physopt 32-662] Processed net i_asg/chB/inst_axi_dac/set_b_ofs_reg[29][57].  Did not re-place instance i_asg/chB/inst_axi_dac/dac_pnt[57]_i_1__0
INFO: [Physopt 32-662] Processed net i_asg/chB/dac_pnt[57].  Did not re-place instance i_asg/chB/dac_pnt_reg[57]
INFO: [Physopt 32-662] Processed net i_asg/chA/set_step_lo_reg[31]_0[11].  Did not re-place instance i_asg/chA/set_step_lo_reg[12]
INFO: [Physopt 32-662] Processed net i_asg/chB/inst_axi_dac/set_b_ofs_reg[29][48].  Did not re-place instance i_asg/chB/inst_axi_dac/dac_pnt[48]_i_1__0
INFO: [Physopt 32-662] Processed net i_asg/chB/dac_pnt[48].  Did not re-place instance i_asg/chB/dac_pnt_reg[48]
INFO: [Physopt 32-662] Processed net i_asg/chA/inst_axi_dac/set_a_ofs_reg[29][14].  Did not re-place instance i_asg/chA/inst_axi_dac/dac_pnt[14]_i_1
INFO: [Physopt 32-662] Processed net i_asg/chB/inst_axi_dac/set_b_ofs_reg[29][39].  Did not re-place instance i_asg/chB/inst_axi_dac/dac_pnt[39]_i_1__0
INFO: [Physopt 32-662] Processed net i_asg/chA/dac_pnt_reg_n_0_[14].  Did not re-place instance i_asg/chA/dac_pnt_reg[14]
INFO: [Physopt 32-662] Processed net i_asg/chB/dac_pnt_reg_n_0_[39].  Did not re-place instance i_asg/chB/dac_pnt_reg[39]
INFO: [Physopt 32-663] Processed net ps/system_i/axi_protocol_converter_0/inst/gen_axilite.gen_b2s_conv.axilite_b2s/RD.ar_channel_0/ar_cmd_fsm_0/m_valid_i_reg_0.  Re-placed instance ps/system_i/axi_protocol_converter_0/inst/gen_axilite.gen_b2s_conv.axilite_b2s/RD.ar_channel_0/ar_cmd_fsm_0/axlen_cnt[7]_i_4
INFO: [Physopt 32-663] Processed net ps/system_i/axi_protocol_converter_0/inst/gen_axilite.gen_b2s_conv.axilite_b2s/RD.ar_channel_0/cmd_translator_0/incr_cmd_0/axlen_cnt_reg[7]_0.  Re-placed instance ps/system_i/axi_protocol_converter_0/inst/gen_axilite.gen_b2s_conv.axilite_b2s/RD.ar_channel_0/cmd_translator_0/incr_cmd_0/next_pending_r_i_2__1
INFO: [Physopt 32-662] Processed net ps/system_i/axi_protocol_converter_0/inst/gen_axilite.gen_b2s_conv.axilite_b2s/RD.ar_channel_0/cmd_translator_0/incr_cmd_0/axlen_cnt_reg_n_0_[6].  Did not re-place instance ps/system_i/axi_protocol_converter_0/inst/gen_axilite.gen_b2s_conv.axilite_b2s/RD.ar_channel_0/cmd_translator_0/incr_cmd_0/axlen_cnt_reg[6]
INFO: [Physopt 32-663] Processed net ps/system_i/axi_protocol_converter_0/inst/gen_axilite.gen_b2s_conv.axilite_b2s/RD.ar_channel_0/cmd_translator_0/incr_cmd_0/axlen_cnt[5]_i_1__0_n_0.  Re-placed instance ps/system_i/axi_protocol_converter_0/inst/gen_axilite.gen_b2s_conv.axilite_b2s/RD.ar_channel_0/cmd_translator_0/incr_cmd_0/axlen_cnt[5]_i_1__0
INFO: [Physopt 32-663] Processed net ps/system_i/axi_protocol_converter_0/inst/gen_axilite.gen_b2s_conv.axilite_b2s/RD.ar_channel_0/cmd_translator_0/incr_cmd_0/next_pending_r_i_4__0_n_0.  Re-placed instance ps/system_i/axi_protocol_converter_0/inst/gen_axilite.gen_b2s_conv.axilite_b2s/RD.ar_channel_0/cmd_translator_0/incr_cmd_0/next_pending_r_i_4__0
INFO: [Physopt 32-662] Processed net ps/system_i/axi_protocol_converter_0/inst/gen_axilite.gen_b2s_conv.axilite_b2s/RD.ar_channel_0/cmd_translator_0/incr_cmd_0/axlen_cnt_reg_n_0_[5].  Did not re-place instance ps/system_i/axi_protocol_converter_0/inst/gen_axilite.gen_b2s_conv.axilite_b2s/RD.ar_channel_0/cmd_translator_0/incr_cmd_0/axlen_cnt_reg[5]
INFO: [Physopt 32-662] Processed net i_asg/chA/inst_axi_dac/set_a_ofs_reg[29][12].  Did not re-place instance i_asg/chA/inst_axi_dac/dac_pnt[12]_i_1
INFO: [Physopt 32-662] Processed net i_asg/chB/dac_pnt[15]_i_5__0_n_0.  Did not re-place instance i_asg/chB/dac_pnt[15]_i_5__0
INFO: [Physopt 32-662] Processed net i_asg/chA/dac_pnt[24]_i_3_n_0.  Did not re-place instance i_asg/chA/dac_pnt[24]_i_3
INFO: [Physopt 32-662] Processed net i_asg/chA/dac_pnt[8]_i_3_n_0.  Did not re-place instance i_asg/chA/dac_pnt[8]_i_3
INFO: [Physopt 32-661] Optimized 5 nets.  Re-placed 5 instances.
INFO: [Physopt 32-775] End 1 Pass. Optimized 5 nets or cells. Created 0 new cell, deleted 0 existing cell and moved 5 existing cells
INFO: [Physopt 32-619] Estimated Timing Summary | WNS=-0.003 | TNS=-0.004 |
Netlist sorting complete. Time (s): cpu = 00:00:00 ; elapsed = 00:00:00.020 . Memory (MB): peak = 1794.730 ; gain = 0.000
Phase 15 Single Cell Placement Optimization | Checksum: 21e3ab354

Time (s): cpu = 00:01:57 ; elapsed = 00:01:15 . Memory (MB): peak = 1794.730 ; gain = 0.000

Phase 16 Multi Cell Placement Optimization
INFO: [Physopt 32-660] Identified 100 candidate nets for placement-based optimization.
INFO: [Physopt 32-662] Processed net i_asg/chA/inst_axi_dac/dac_pnt[61]_i_3_n_0.  Did not re-place instance i_asg/chA/inst_axi_dac/dac_pnt[61]_i_3/O
INFO: [Physopt 32-662] Processed net i_asg/chA/dac_pnt_reg_n_0_[1].  Did not re-place instance i_asg/chA/dac_pnt_reg[1]/Q
INFO: [Physopt 32-662] Processed net i_asg/chA/dac_pnt[61]_i_8_n_0.  Did not re-place instance i_asg/chA/dac_pnt[61]_i_8/O
INFO: [Physopt 32-662] Processed net i_asg/chA/inst_axi_dac/set_a_ofs_reg[29][43].  Did not re-place instance i_asg/chA/inst_axi_dac/dac_pnt[43]_i_1/O
INFO: [Physopt 32-662] Processed net i_asg/chA/inst_axi_dac/set_a_ofs_reg[29][60].  Did not re-place instance i_asg/chA/inst_axi_dac/dac_pnt[60]_i_1/O
INFO: [Physopt 32-661] Optimized 0 net.  Re-placed 0 instance.
INFO: [Physopt 32-775] End 1 Pass. Optimized 0 net or cell. Created 0 new cell, deleted 0 existing cell and moved 0 existing cell
Netlist sorting complete. Time (s): cpu = 00:00:00 ; elapsed = 00:00:00.018 . Memory (MB): peak = 1794.730 ; gain = 0.000
Phase 16 Multi Cell Placement Optimization | Checksum: 22aad5723

Time (s): cpu = 00:02:00 ; elapsed = 00:01:17 . Memory (MB): peak = 1794.730 ; gain = 0.000

Phase 17 Rewire
INFO: [Physopt 32-246] Starting Signal Push optimization...
INFO: [Physopt 32-241] No nets found for rewiring () optimization.
INFO: [Physopt 32-232] Optimized 0 net. Created 0 new instance.
INFO: [Physopt 32-775] End 1 Pass. Optimized 0 net or cell. Created 0 new cell, deleted 0 existing cell and moved 0 existing cell
Netlist sorting complete. Time (s): cpu = 00:00:00 ; elapsed = 00:00:00.015 . Memory (MB): peak = 1794.730 ; gain = 0.000
Phase 17 Rewire | Checksum: 22aad5723

Time (s): cpu = 00:02:00 ; elapsed = 00:01:17 . Memory (MB): peak = 1794.730 ; gain = 0.000

Phase 18 Critical Cell Optimization
INFO: [Physopt 32-46] Identified 3 candidate nets for critical-cell optimization.
INFO: [Physopt 32-571] Net i_asg/chB/dac_pnt_reg_n_0_[2] was not replicated.
INFO: [Physopt 32-232] Optimized 0 net. Created 0 new instance.
INFO: [Physopt 32-775] End 1 Pass. Optimized 0 net or cell. Created 0 new cell, deleted 0 existing cell and moved 0 existing cell
Phase 18 Critical Cell Optimization | Checksum: 22aad5723

Time (s): cpu = 00:02:00 ; elapsed = 00:01:17 . Memory (MB): peak = 1794.730 ; gain = 0.000

Phase 19 DSP Register Optimization
INFO: [Physopt 32-457] Pass 1. Identified 1 candidate cell for DSP register optimization.
INFO: [Physopt 32-666] Processed cell i_scope/genblk1[1].i_dfilt1_ch/pp_mult. No change.
INFO: [Physopt 32-775] End 1 Pass. Optimized 0 net or cell. Created 0 new cell, deleted 0 existing cell and moved 0 existing cell
Netlist sorting complete. Time (s): cpu = 00:00:00 ; elapsed = 00:00:00.020 . Memory (MB): peak = 1794.730 ; gain = 0.000
Phase 19 DSP Register Optimization | Checksum: 24a87afe8

Time (s): cpu = 00:02:05 ; elapsed = 00:01:21 . Memory (MB): peak = 1794.730 ; gain = 0.000

Phase 20 BRAM Register Optimization
INFO: [Physopt 32-526] No candidate cells for BRAM register optimization found in the design
INFO: [Physopt 32-775] End 1 Pass. Optimized 0 net or cell. Created 0 new cell, deleted 0 existing cell and moved 0 existing cell
Phase 20 BRAM Register Optimization | Checksum: 24a87afe8

Time (s): cpu = 00:02:05 ; elapsed = 00:01:21 . Memory (MB): peak = 1794.730 ; gain = 0.000

Phase 21 URAM Register Optimization
INFO: [Physopt 32-846] No candidate cells for URAM register optimization found in the design
INFO: [Physopt 32-775] End 2 Pass. Optimized 0 net or cell. Created 0 new cell, deleted 0 existing cell and moved 0 existing cell
Phase 21 URAM Register Optimization | Checksum: 24a87afe8

Time (s): cpu = 00:02:05 ; elapsed = 00:01:21 . Memory (MB): peak = 1794.730 ; gain = 0.000

Phase 22 Shift Register Optimization
INFO: [Physopt 32-677] No candidate cells for Shift Register optimization found in the design
INFO: [Physopt 32-775] End 1 Pass. Optimized 0 net or cell. Created 0 new cell, deleted 0 existing cell and moved 0 existing cell
Phase 22 Shift Register Optimization | Checksum: 24a87afe8

Time (s): cpu = 00:02:05 ; elapsed = 00:01:21 . Memory (MB): peak = 1794.730 ; gain = 0.000

Phase 23 DSP Register Optimization
INFO: [Physopt 32-456] No candidate cells for DSP register optimization found in the design.
INFO: [Physopt 32-775] End 1 Pass. Optimized 0 net or cell. Created 0 new cell, deleted 0 existing cell and moved 0 existing cell
Phase 23 DSP Register Optimization | Checksum: 24a87afe8

Time (s): cpu = 00:02:05 ; elapsed = 00:01:21 . Memory (MB): peak = 1794.730 ; gain = 0.000

Phase 24 BRAM Register Optimization
INFO: [Physopt 32-526] No candidate cells for BRAM register optimization found in the design
INFO: [Physopt 32-775] End 1 Pass. Optimized 0 net or cell. Created 0 new cell, deleted 0 existing cell and moved 0 existing cell
Phase 24 BRAM Register Optimization | Checksum: 24a87afe8

Time (s): cpu = 00:02:05 ; elapsed = 00:01:21 . Memory (MB): peak = 1794.730 ; gain = 0.000

Phase 25 URAM Register Optimization
INFO: [Physopt 32-846] No candidate cells for URAM register optimization found in the design
INFO: [Physopt 32-775] End 2 Pass. Optimized 0 net or cell. Created 0 new cell, deleted 0 existing cell and moved 0 existing cell
Phase 25 URAM Register Optimization | Checksum: 24a87afe8

Time (s): cpu = 00:02:05 ; elapsed = 00:01:21 . Memory (MB): peak = 1794.730 ; gain = 0.000

Phase 26 Shift Register Optimization
INFO: [Physopt 32-677] No candidate cells for Shift Register optimization found in the design
INFO: [Physopt 32-775] End 1 Pass. Optimized 0 net or cell. Created 0 new cell, deleted 0 existing cell and moved 0 existing cell
Phase 26 Shift Register Optimization | Checksum: 24a87afe8

Time (s): cpu = 00:02:06 ; elapsed = 00:01:21 . Memory (MB): peak = 1794.730 ; gain = 0.000

Phase 27 Critical Pin Optimization
INFO: [Physopt 32-606] Identified 100 candidate nets for critical-pin optimization.
INFO: [Physopt 32-608] Optimized 14 nets.  Swapped 324 pins.
INFO: [Physopt 32-775] End 1 Pass. Optimized 14 nets or cells. Created 0 new cell, deleted 0 existing cell and moved 324 existing cells
INFO: [Physopt 32-619] Estimated Timing Summary | WNS=0.034 | TNS=0.000 |
Netlist sorting complete. Time (s): cpu = 00:00:01 ; elapsed = 00:00:00.024 . Memory (MB): peak = 1794.730 ; gain = 0.000
Phase 27 Critical Pin Optimization | Checksum: 24a87afe8

Time (s): cpu = 00:02:07 ; elapsed = 00:01:22 . Memory (MB): peak = 1794.730 ; gain = 0.000

Phase 28 Very High Fanout Optimization
INFO: [Physopt 32-76] Pass 1. Identified 3 candidate nets for fanout optimization.
INFO: [Physopt 32-81] Processed net adc_rstn_reg_n_0. Replicated 1 times.
INFO: [Physopt 32-572] Net i_asg/chA/i_rand/p_1_out__0 was not replicated.
Resolution: phys_opt_design can be forced to replicate a net driver using the option -force_replication_on_nets <list of net objects>.
INFO: [Physopt 32-232] Optimized 1 net. Created 1 new instance.
INFO: [Physopt 32-775] End 1 Pass. Optimized 1 net or cell. Created 1 new cell, deleted 0 existing cell and moved 0 existing cell
INFO: [Physopt 32-619] Estimated Timing Summary | WNS=0.034 | TNS=0.000 |
Netlist sorting complete. Time (s): cpu = 00:00:00 ; elapsed = 00:00:00.113 . Memory (MB): peak = 1794.730 ; gain = 0.000
Phase 28 Very High Fanout Optimization | Checksum: 13dfd69cf

Time (s): cpu = 00:02:11 ; elapsed = 00:01:25 . Memory (MB): peak = 1794.730 ; gain = 0.000

Phase 29 Single Cell Placement Optimization
INFO: [Physopt 32-670] No setup violation found.  Single Cell Placement Optimization was not performed.
Netlist sorting complete. Time (s): cpu = 00:00:00 ; elapsed = 00:00:00.007 . Memory (MB): peak = 1794.730 ; gain = 0.000
Phase 29 Single Cell Placement Optimization | Checksum: 13dfd69cf

Time (s): cpu = 00:02:11 ; elapsed = 00:01:25 . Memory (MB): peak = 1794.730 ; gain = 0.000

Phase 30 Multi Cell Placement Optimization
INFO: [Physopt 32-670] No setup violation found.  Multi Cell Placement Optimization was not performed.
Netlist sorting complete. Time (s): cpu = 00:00:00 ; elapsed = 00:00:00.008 . Memory (MB): peak = 1794.730 ; gain = 0.000
Phase 30 Multi Cell Placement Optimization | Checksum: 13dfd69cf

Time (s): cpu = 00:02:11 ; elapsed = 00:01:25 . Memory (MB): peak = 1794.730 ; gain = 0.000

Phase 31 SLR Crossing Optimization
Phase 31 SLR Crossing Optimization | Checksum: 13dfd69cf

Time (s): cpu = 00:02:11 ; elapsed = 00:01:25 . Memory (MB): peak = 1794.730 ; gain = 0.000

Phase 32 Critical Path Optimization
INFO: [Physopt 32-619] Estimated Timing Summary | WNS=0.034 | TNS=0.000 |
INFO: [Physopt 32-619] Estimated Timing Summary | WNS=0.034 | TNS=0.000 |
Phase 32 Critical Path Optimization | Checksum: 13dfd69cf

Time (s): cpu = 00:02:11 ; elapsed = 00:01:25 . Memory (MB): peak = 1794.730 ; gain = 0.000

Phase 33 BRAM Enable Optimization
Phase 33 BRAM Enable Optimization | Checksum: 13dfd69cf

Time (s): cpu = 00:02:12 ; elapsed = 00:01:26 . Memory (MB): peak = 1794.730 ; gain = 0.000
INFO: [Physopt 32-960] Skip hold-fix as initial WHS does not violate hold threshold 250 ps
Netlist sorting complete. Time (s): cpu = 00:00:00 ; elapsed = 00:00:00.008 . Memory (MB): peak = 1794.730 ; gain = 0.000
INFO: [Physopt 32-603] Post Physical Optimization Timing Summary | WNS=0.034 | TNS=0.000 |

Summary of Physical Synthesis Optimizations
============================================


----------------------------------------------------------------------------------------------------------------------------------------------------------------------
|  Optimization            |  WNS Gain (ns)  |  TNS Gain (ns)  |  Added Cells  |  Removed Cells  |  Optimized Cells/Nets  |  Dont Touch  |  Iterations  |  Elapsed   |
----------------------------------------------------------------------------------------------------------------------------------------------------------------------
|  Fanout                  |          0.000  |          0.000  |            2  |              0  |                     2  |           0  |           3  |  00:00:05  |
|  Single Cell Placement   |          0.000  |          0.000  |            0  |              0  |                    31  |           0  |           3  |  00:00:54  |
|  Multi Cell Placement    |          0.000  |          0.000  |            0  |              0  |                     0  |           0  |           3  |  00:00:06  |
|  Rewire                  |          0.000  |          0.000  |            0  |              0  |                     0  |           0  |           3  |  00:00:00  |
|  Critical Cell           |          0.000  |          0.000  |            0  |              0  |                     0  |           1  |           3  |  00:00:01  |
|  SLR Crossing            |          0.000  |          0.000  |            0  |              0  |                     0  |           0  |           3  |  00:00:00  |
|  DSP Register            |          0.000  |          0.000  |            0  |              0  |                     0  |           0  |           2  |  00:00:04  |
|  BRAM Register           |          0.000  |          0.000  |            0  |              0  |                     0  |           0  |           2  |  00:00:00  |
|  URAM Register           |          0.000  |          0.000  |            0  |              0  |                     0  |           0  |           2  |  00:00:00  |
|  Shift Register          |          0.000  |          0.000  |            0  |              0  |                     0  |           0  |           2  |  00:00:00  |
|  Critical Pin            |          0.037  |          0.004  |            0  |              0  |                    14  |           0  |           1  |  00:00:01  |
|  Very High Fanout        |          0.000  |          0.000  |            1  |              0  |                     1  |           0  |           1  |  00:00:03  |
|  BRAM Enable             |          0.000  |          0.000  |            0  |              0  |                     0  |           0  |           1  |  00:00:00  |
|  Critical Path           |          0.000  |          0.000  |            0  |              0  |                     0  |           0  |           1  |  00:00:00  |
|  Total                   |          0.037  |          0.004  |            3  |              0  |                    48  |           1  |          30  |  00:01:15  |
----------------------------------------------------------------------------------------------------------------------------------------------------------------------


Netlist sorting complete. Time (s): cpu = 00:00:00 ; elapsed = 00:00:00.010 . Memory (MB): peak = 1794.730 ; gain = 0.000
Ending Physical Synthesis Task | Checksum: 1c384cce6

Time (s): cpu = 00:02:12 ; elapsed = 00:01:26 . Memory (MB): peak = 1794.730 ; gain = 0.000
INFO: [Common 17-83] Releasing license: Implementation
1006 Infos, 28 Warnings, 52 Critical Warnings and 0 Errors encountered.
phys_opt_design completed successfully
phys_opt_design: Time (s): cpu = 00:02:36 ; elapsed = 00:01:39 . Memory (MB): peak = 1794.730 ; gain = 0.000
INFO: [Timing 38-480] Writing timing data to binary archive.
Writing placer database...
Writing XDEF routing.
Writing XDEF routing logical nets.
Writing XDEF routing special nets.
Write XDEF Complete: Time (s): cpu = 00:00:06 ; elapsed = 00:00:02 . Memory (MB): peak = 1794.730 ; gain = 0.000
INFO: [Common 17-1381] The checkpoint 'D:/RedPitaya-FPGA/prj/quantum_control/project/redpitaya.runs/impl_1/red_pitaya_top_physopt.dcp' has been generated.
write_checkpoint: Time (s): cpu = 00:00:10 ; elapsed = 00:00:06 . Memory (MB): peak = 1794.730 ; gain = 0.000
Command: route_design -directive Explore -tns_cleanup
Attempting to get a license for feature 'Implementation' and/or device 'xc7z010'
INFO: [Common 17-349] Got license for feature 'Implementation' and/or device 'xc7z010'
INFO: [DRC 23-27] Running DRC with 2 threads
INFO: [Vivado_Tcl 4-198] DRC finished with 0 Errors
INFO: [Vivado_Tcl 4-199] Please refer to the DRC report (report_drc) for more information.
Running DRC as a precondition to command route_design
INFO: [DRC 23-27] Running DRC with 2 threads
WARNING: [DRC PLIO-8] Placement Constraints Check for IO constraints: Terminal adc_dat_i[0][10] has IOB constraint set to TRUE, but it is either not connected to a FLOP element or the connected FLOP element could not be brought into the I/O.
WARNING: [DRC PLIO-8] Placement Constraints Check for IO constraints: Terminal adc_dat_i[0][11] has IOB constraint set to TRUE, but it is either not connected to a FLOP element or the connected FLOP element could not be brought into the I/O.
WARNING: [DRC PLIO-8] Placement Constraints Check for IO constraints: Terminal adc_dat_i[0][12] has IOB constraint set to TRUE, but it is either not connected to a FLOP element or the connected FLOP element could not be brought into the I/O.
WARNING: [DRC PLIO-8] Placement Constraints Check for IO constraints: Terminal adc_dat_i[0][13] has IOB constraint set to TRUE, but it is either not connected to a FLOP element or the connected FLOP element could not be brought into the I/O.
WARNING: [DRC PLIO-8] Placement Constraints Check for IO constraints: Terminal adc_dat_i[0][14] has IOB constraint set to TRUE, but it is either not connected to a FLOP element or the connected FLOP element could not be brought into the I/O.
WARNING: [DRC PLIO-8] Placement Constraints Check for IO constraints: Terminal adc_dat_i[0][15] has IOB constraint set to TRUE, but it is either not connected to a FLOP element or the connected FLOP element could not be brought into the I/O.
WARNING: [DRC PLIO-8] Placement Constraints Check for IO constraints: Terminal adc_dat_i[0][2] has IOB constraint set to TRUE, but it is either not connected to a FLOP element or the connected FLOP element could not be brought into the I/O.
WARNING: [DRC PLIO-8] Placement Constraints Check for IO constraints: Terminal adc_dat_i[0][3] has IOB constraint set to TRUE, but it is either not connected to a FLOP element or the connected FLOP element could not be brought into the I/O.
WARNING: [DRC PLIO-8] Placement Constraints Check for IO constraints: Terminal adc_dat_i[0][4] has IOB constraint set to TRUE, but it is either not connected to a FLOP element or the connected FLOP element could not be brought into the I/O.
WARNING: [DRC PLIO-8] Placement Constraints Check for IO constraints: Terminal adc_dat_i[0][5] has IOB constraint set to TRUE, but it is either not connected to a FLOP element or the connected FLOP element could not be brought into the I/O.
WARNING: [DRC PLIO-8] Placement Constraints Check for IO constraints: Terminal adc_dat_i[0][6] has IOB constraint set to TRUE, but it is either not connected to a FLOP element or the connected FLOP element could not be brought into the I/O.
WARNING: [DRC PLIO-8] Placement Constraints Check for IO constraints: Terminal adc_dat_i[0][7] has IOB constraint set to TRUE, but it is either not connected to a FLOP element or the connected FLOP element could not be brought into the I/O.
WARNING: [DRC PLIO-8] Placement Constraints Check for IO constraints: Terminal adc_dat_i[0][8] has IOB constraint set to TRUE, but it is either not connected to a FLOP element or the connected FLOP element could not be brought into the I/O.
WARNING: [DRC PLIO-8] Placement Constraints Check for IO constraints: Terminal adc_dat_i[0][9] has IOB constraint set to TRUE, but it is either not connected to a FLOP element or the connected FLOP element could not be brought into the I/O.
WARNING: [DRC PLIO-8] Placement Constraints Check for IO constraints: Terminal adc_dat_i[1][10] has IOB constraint set to TRUE, but it is either not connected to a FLOP element or the connected FLOP element could not be brought into the I/O.
WARNING: [DRC PLIO-8] Placement Constraints Check for IO constraints: Terminal adc_dat_i[1][11] has IOB constraint set to TRUE, but it is either not connected to a FLOP element or the connected FLOP element could not be brought into the I/O.
WARNING: [DRC PLIO-8] Placement Constraints Check for IO constraints: Terminal adc_dat_i[1][12] has IOB constraint set to TRUE, but it is either not connected to a FLOP element or the connected FLOP element could not be brought into the I/O.
WARNING: [DRC PLIO-8] Placement Constraints Check for IO constraints: Terminal adc_dat_i[1][13] has IOB constraint set to TRUE, but it is either not connected to a FLOP element or the connected FLOP element could not be brought into the I/O.
WARNING: [DRC PLIO-8] Placement Constraints Check for IO constraints: Terminal adc_dat_i[1][14] has IOB constraint set to TRUE, but it is either not connected to a FLOP element or the connected FLOP element could not be brought into the I/O.
WARNING: [DRC PLIO-8] Placement Constraints Check for IO constraints: Terminal adc_dat_i[1][15] has IOB constraint set to TRUE, but it is either not connected to a FLOP element or the connected FLOP element could not be brought into the I/O.
WARNING: [DRC PLIO-8] Placement Constraints Check for IO constraints: Terminal adc_dat_i[1][2] has IOB constraint set to TRUE, but it is either not connected to a FLOP element or the connected FLOP element could not be brought into the I/O.
WARNING: [DRC PLIO-8] Placement Constraints Check for IO constraints: Terminal adc_dat_i[1][3] has IOB constraint set to TRUE, but it is either not connected to a FLOP element or the connected FLOP element could not be brought into the I/O.
WARNING: [DRC PLIO-8] Placement Constraints Check for IO constraints: Terminal adc_dat_i[1][4] has IOB constraint set to TRUE, but it is either not connected to a FLOP element or the connected FLOP element could not be brought into the I/O.
WARNING: [DRC PLIO-8] Placement Constraints Check for IO constraints: Terminal adc_dat_i[1][5] has IOB constraint set to TRUE, but it is either not connected to a FLOP element or the connected FLOP element could not be brought into the I/O.
WARNING: [DRC PLIO-8] Placement Constraints Check for IO constraints: Terminal adc_dat_i[1][6] has IOB constraint set to TRUE, but it is either not connected to a FLOP element or the connected FLOP element could not be brought into the I/O.
WARNING: [DRC PLIO-8] Placement Constraints Check for IO constraints: Terminal adc_dat_i[1][7] has IOB constraint set to TRUE, but it is either not connected to a FLOP element or the connected FLOP element could not be brought into the I/O.
WARNING: [DRC PLIO-8] Placement Constraints Check for IO constraints: Terminal adc_dat_i[1][8] has IOB constraint set to TRUE, but it is either not connected to a FLOP element or the connected FLOP element could not be brought into the I/O.
WARNING: [DRC PLIO-8] Placement Constraints Check for IO constraints: Terminal adc_dat_i[1][9] has IOB constraint set to TRUE, but it is either not connected to a FLOP element or the connected FLOP element could not be brought into the I/O.
INFO: [Vivado_Tcl 4-198] DRC finished with 0 Errors, 28 Warnings
INFO: [Vivado_Tcl 4-199] Please refer to the DRC report (report_drc) for more information.


Starting Routing Task
INFO: [Route 35-270] Using Router directive 'Explore'.
INFO: [Route 35-254] Multithreading enabled for route_design using a maximum of 2 CPUs
Checksum: PlaceDB: c3543ec1 ConstDB: 0 ShapeSum: d5e42389 RouteDB: 0

Phase 1 Build RT Design
Phase 1 Build RT Design | Checksum: 1a33231d5

Time (s): cpu = 00:00:38 ; elapsed = 00:00:39 . Memory (MB): peak = 1794.730 ; gain = 0.000
Post Restoration Checksum: NetGraph: b86a460e NumContArr: eac7ebc7 Constraints: 0 Timing: 0

Phase 2 Router Initialization

Phase 2.1 Create Timer
Phase 2.1 Create Timer | Checksum: 1a33231d5

Time (s): cpu = 00:00:39 ; elapsed = 00:00:39 . Memory (MB): peak = 1794.730 ; gain = 0.000

Phase 2.2 Fix Topology Constraints
Phase 2.2 Fix Topology Constraints | Checksum: 1a33231d5

Time (s): cpu = 00:00:39 ; elapsed = 00:00:40 . Memory (MB): peak = 1794.730 ; gain = 0.000

Phase 2.3 Pre Route Cleanup
Phase 2.3 Pre Route Cleanup | Checksum: 1a33231d5

Time (s): cpu = 00:00:39 ; elapsed = 00:00:40 . Memory (MB): peak = 1794.730 ; gain = 0.000
 Number of Nodes with overlaps = 0

Phase 2.4 Update Timing
Phase 2.4 Update Timing | Checksum: 223802c8c

Time (s): cpu = 00:01:07 ; elapsed = 00:00:58 . Memory (MB): peak = 1816.797 ; gain = 22.066
INFO: [Route 35-416] Intermediate Timing Summary | WNS=0.064  | TNS=0.000  | WHS=-0.674 | THS=-400.105|


Phase 2.5 Update Timing for Bus Skew

Phase 2.5.1 Update Timing
Phase 2.5.1 Update Timing | Checksum: 224402f3f

Time (s): cpu = 00:01:31 ; elapsed = 00:01:12 . Memory (MB): peak = 1887.301 ; gain = 92.570
INFO: [Route 35-416] Intermediate Timing Summary | WNS=0.064  | TNS=0.000  | WHS=N/A    | THS=N/A    |

Phase 2.5 Update Timing for Bus Skew | Checksum: 21fe46703

Time (s): cpu = 00:01:31 ; elapsed = 00:01:12 . Memory (MB): peak = 1887.371 ; gain = 92.641
Phase 2 Router Initialization | Checksum: 1f427b2da

Time (s): cpu = 00:01:31 ; elapsed = 00:01:12 . Memory (MB): peak = 1887.371 ; gain = 92.641

Router Utilization Summary
  Global Vertical Routing Utilization    = 0.0190034 %
  Global Horizontal Routing Utilization  = 0.00298713 %
  Routable Net Status*
  *Does not include unroutable nets such as driverless and loadless.
  Run report_route_status for detailed report.
  Number of Failed Nets               = 21883
    (Failed Nets is the sum of unrouted and partially routed nets)
  Number of Unrouted Nets             = 21881
  Number of Partially Routed Nets     = 2
  Number of Node Overlaps             = 1


Phase 3 Initial Routing
Phase 3 Initial Routing | Checksum: 14867cb94

Time (s): cpu = 00:01:46 ; elapsed = 00:01:21 . Memory (MB): peak = 1896.258 ; gain = 101.527

Phase 4 Rip-up And Reroute

Phase 4.1 Global Iteration 0
 Number of Nodes with overlaps = 2567
 Number of Nodes with overlaps = 587
 Number of Nodes with overlaps = 130
 Number of Nodes with overlaps = 32
 Number of Nodes with overlaps = 11
 Number of Nodes with overlaps = 2
 Number of Nodes with overlaps = 1
 Number of Nodes with overlaps = 0
INFO: [Route 35-416] Intermediate Timing Summary | WNS=-0.348 | TNS=-7.898 | WHS=N/A    | THS=N/A    |

Phase 4.1 Global Iteration 0 | Checksum: 14d86fc7b

Time (s): cpu = 00:03:01 ; elapsed = 00:02:07 . Memory (MB): peak = 1896.258 ; gain = 101.527

Phase 4.2 Global Iteration 1
 Number of Nodes with overlaps = 211
 Number of Nodes with overlaps = 96
 Number of Nodes with overlaps = 43
 Number of Nodes with overlaps = 9
 Number of Nodes with overlaps = 3
 Number of Nodes with overlaps = 0
INFO: [Route 35-416] Intermediate Timing Summary | WNS=-0.506 | TNS=-16.252| WHS=N/A    | THS=N/A    |

Phase 4.2 Global Iteration 1 | Checksum: 18e66b36d

Time (s): cpu = 00:03:11 ; elapsed = 00:02:16 . Memory (MB): peak = 1896.258 ; gain = 101.527
Phase 4 Rip-up And Reroute | Checksum: 18e66b36d

Time (s): cpu = 00:03:11 ; elapsed = 00:02:16 . Memory (MB): peak = 1896.258 ; gain = 101.527

Phase 5 Delay and Skew Optimization

Phase 5.1 TNS Cleanup

Phase 5.1.1 Delay CleanUp

Phase 5.1.1.1 Update Timing
Phase 5.1.1.1 Update Timing | Checksum: 1d284c489

Time (s): cpu = 00:03:18 ; elapsed = 00:02:20 . Memory (MB): peak = 1896.258 ; gain = 101.527
INFO: [Route 35-416] Intermediate Timing Summary | WNS=-0.203 | TNS=-4.939 | WHS=N/A    | THS=N/A    |

 Number of Nodes with overlaps = 0

Phase 5.1.1.2 Update Timing
Phase 5.1.1.2 Update Timing | Checksum: f4b204f7

Time (s): cpu = 00:03:20 ; elapsed = 00:02:21 . Memory (MB): peak = 1896.258 ; gain = 101.527
INFO: [Route 35-416] Intermediate Timing Summary | WNS=-0.205 | TNS=-5.056 | WHS=N/A    | THS=N/A    |

 Number of Nodes with overlaps = 0

Phase 5.1.1.3 Update Timing
Phase 5.1.1.3 Update Timing | Checksum: 2b299a66f

Time (s): cpu = 00:03:21 ; elapsed = 00:02:23 . Memory (MB): peak = 1896.258 ; gain = 101.527
INFO: [Route 35-416] Intermediate Timing Summary | WNS=-0.205 | TNS=-5.002 | WHS=N/A    | THS=N/A    |

 Number of Nodes with overlaps = 0

Phase 5.1.1.4 Update Timing
Phase 5.1.1.4 Update Timing | Checksum: fe683029

Time (s): cpu = 00:03:23 ; elapsed = 00:02:24 . Memory (MB): peak = 1896.258 ; gain = 101.527
INFO: [Route 35-416] Intermediate Timing Summary | WNS=-0.199 | TNS=-4.846 | WHS=N/A    | THS=N/A    |

 Number of Nodes with overlaps = 0

Phase 5.1.1.5 Update Timing
Phase 5.1.1.5 Update Timing | Checksum: 1a7de3407

Time (s): cpu = 00:03:25 ; elapsed = 00:02:26 . Memory (MB): peak = 1896.258 ; gain = 101.527
INFO: [Route 35-416] Intermediate Timing Summary | WNS=-0.195 | TNS=-4.646 | WHS=N/A    | THS=N/A    |

Phase 5.1.1 Delay CleanUp | Checksum: 1f82a4025

Time (s): cpu = 00:03:26 ; elapsed = 00:02:27 . Memory (MB): peak = 1896.258 ; gain = 101.527
Phase 5.1 TNS Cleanup | Checksum: 1f82a4025

Time (s): cpu = 00:03:26 ; elapsed = 00:02:27 . Memory (MB): peak = 1896.258 ; gain = 101.527

Phase 5.2 Clock Skew Optimization
Phase 5.2 Clock Skew Optimization | Checksum: 1f82a4025

Time (s): cpu = 00:03:26 ; elapsed = 00:02:27 . Memory (MB): peak = 1896.258 ; gain = 101.527
Phase 5 Delay and Skew Optimization | Checksum: 1f82a4025

Time (s): cpu = 00:03:26 ; elapsed = 00:02:27 . Memory (MB): peak = 1896.258 ; gain = 101.527

Phase 6 Post Hold Fix

Phase 6.1 Hold Fix Iter

Phase 6.1.1 Update Timing
Phase 6.1.1 Update Timing | Checksum: 186fa681f

Time (s): cpu = 00:03:34 ; elapsed = 00:02:32 . Memory (MB): peak = 1896.258 ; gain = 101.527
INFO: [Route 35-416] Intermediate Timing Summary | WNS=-0.195 | TNS=-4.646 | WHS=-0.031 | THS=-0.053 |

Phase 6.1 Hold Fix Iter | Checksum: 2006dd3ea

Time (s): cpu = 00:03:34 ; elapsed = 00:02:33 . Memory (MB): peak = 1896.258 ; gain = 101.527
Phase 6 Post Hold Fix | Checksum: 24ebcbb72

Time (s): cpu = 00:03:35 ; elapsed = 00:02:33 . Memory (MB): peak = 1896.258 ; gain = 101.527

Phase 7 Timing Verification

Phase 7.1 Update Timing
Phase 7.1 Update Timing | Checksum: 1fbeed091

Time (s): cpu = 00:03:47 ; elapsed = 00:02:41 . Memory (MB): peak = 1896.258 ; gain = 101.527
INFO: [Route 35-416] Intermediate Timing Summary | WNS=-0.195 | TNS=-4.646 | WHS=N/A    | THS=N/A    |

Phase 7 Timing Verification | Checksum: 1fbeed091

Time (s): cpu = 00:03:48 ; elapsed = 00:02:41 . Memory (MB): peak = 1896.258 ; gain = 101.527

Phase 8 Route finalize

Router Utilization Summary
  Global Vertical Routing Utilization    = 14.3836 %
  Global Horizontal Routing Utilization  = 15.9223 %
  Routable Net Status*
  *Does not include unroutable nets such as driverless and loadless.
  Run report_route_status for detailed report.
  Number of Failed Nets               = 0
    (Failed Nets is the sum of unrouted and partially routed nets)
  Number of Unrouted Nets             = 0
  Number of Partially Routed Nets     = 0
  Number of Node Overlaps             = 0

Congestion Report
North Dir 1x1 Area, Max Cong = 75.6757%, No Congested Regions.
South Dir 1x1 Area, Max Cong = 67.5676%, No Congested Regions.
East Dir 1x1 Area, Max Cong = 73.5294%, No Congested Regions.
West Dir 1x1 Area, Max Cong = 64.7059%, No Congested Regions.

------------------------------
Reporting congestion hotspots
------------------------------
Direction: North
----------------
Congested clusters found at Level 0
Effective congestion level: 0 Aspect Ratio: 1 Sparse Ratio: 0
Direction: South
----------------
Congested clusters found at Level 0
Effective congestion level: 0 Aspect Ratio: 1 Sparse Ratio: 0
Direction: East
----------------
Congested clusters found at Level 0
Effective congestion level: 0 Aspect Ratio: 1 Sparse Ratio: 0
Direction: West
----------------
Congested clusters found at Level 0
Effective congestion level: 0 Aspect Ratio: 1 Sparse Ratio: 0

Phase 8 Route finalize | Checksum: 1fbeed091

Time (s): cpu = 00:03:48 ; elapsed = 00:02:41 . Memory (MB): peak = 1896.258 ; gain = 101.527

Phase 9 Verifying routed nets

 Verification completed successfully
Phase 9 Verifying routed nets | Checksum: 1fbeed091

Time (s): cpu = 00:03:48 ; elapsed = 00:02:41 . Memory (MB): peak = 1896.258 ; gain = 101.527

Phase 10 Depositing Routes
Phase 10 Depositing Routes | Checksum: 12d1bfeba

Time (s): cpu = 00:03:53 ; elapsed = 00:02:47 . Memory (MB): peak = 1896.258 ; gain = 101.527

Phase 11 Incr Placement Change
Netlist sorting complete. Time (s): cpu = 00:00:00 ; elapsed = 00:00:00.015 . Memory (MB): peak = 1896.258 ; gain = 0.000
INFO: [Place 30-746] Post Placement Timing Summary WNS=-0.187. For the most accurate timing information please run report_timing.
Ending IncrPlace Task | Checksum: 1b4471431

Time (s): cpu = 00:00:52 ; elapsed = 00:00:38 . Memory (MB): peak = 1896.258 ; gain = 0.000
Google Cpuprofiler is only supported on Linux.
Phase 11 Incr Placement Change | Checksum: 12d1bfeba

Time (s): cpu = 00:04:46 ; elapsed = 00:03:26 . Memory (MB): peak = 1896.258 ; gain = 101.527

Phase 12 Build RT Design
Phase 12 Build RT Design | Checksum: ae8dee15

Time (s): cpu = 00:05:23 ; elapsed = 00:04:25 . Memory (MB): peak = 1896.258 ; gain = 101.527
Post Restoration Checksum: NetGraph: 53bb98d0 NumContArr: 27b5d49c Constraints: 0 Timing: 0

Phase 13 Router Initialization

Phase 13.1 Create Timer
Phase 13.1 Create Timer | Checksum: 7b716d6c

Time (s): cpu = 00:05:25 ; elapsed = 00:04:27 . Memory (MB): peak = 1896.258 ; gain = 101.527

Phase 13.2 Fix Topology Constraints
Phase 13.2 Fix Topology Constraints | Checksum: 7b716d6c

Time (s): cpu = 00:05:26 ; elapsed = 00:04:28 . Memory (MB): peak = 1896.258 ; gain = 101.527

Phase 13.3 Pre Route Cleanup
Phase 13.3 Pre Route Cleanup | Checksum: 1052419ae

Time (s): cpu = 00:05:26 ; elapsed = 00:04:28 . Memory (MB): peak = 1896.258 ; gain = 101.527
 Number of Nodes with overlaps = 0

Phase 13.4 Update Timing
Phase 13.4 Update Timing | Checksum: 1bdcf9e31

Time (s): cpu = 00:06:00 ; elapsed = 00:04:49 . Memory (MB): peak = 1904.250 ; gain = 109.520
INFO: [Route 35-416] Intermediate Timing Summary | WNS=-0.239 | TNS=-4.541 | WHS=-0.680 | THS=-398.276|


Phase 13.5 Update Timing for Bus Skew

Phase 13.5.1 Update Timing
Phase 13.5.1 Update Timing | Checksum: 1f97baff2

Time (s): cpu = 00:06:25 ; elapsed = 00:05:03 . Memory (MB): peak = 1960.086 ; gain = 165.355
INFO: [Route 35-416] Intermediate Timing Summary | WNS=-0.239 | TNS=-2.353 | WHS=N/A    | THS=N/A    |

Phase 13.5 Update Timing for Bus Skew | Checksum: 1a67bc75d

Time (s): cpu = 00:06:25 ; elapsed = 00:05:04 . Memory (MB): peak = 1960.152 ; gain = 165.422
Phase 13 Router Initialization | Checksum: 1bb86c6d5

Time (s): cpu = 00:06:25 ; elapsed = 00:05:04 . Memory (MB): peak = 1960.152 ; gain = 165.422

Router Utilization Summary
  Global Vertical Routing Utilization    = 14.3552 %
  Global Horizontal Routing Utilization  = 15.9028 %
  Routable Net Status*
  *Does not include unroutable nets such as driverless and loadless.
  Run report_route_status for detailed report.
  Number of Failed Nets               = 50
    (Failed Nets is the sum of unrouted and partially routed nets)
  Number of Unrouted Nets             = 10
  Number of Partially Routed Nets     = 40
  Number of Node Overlaps             = 0


Phase 14 Initial Routing
Phase 14 Initial Routing | Checksum: b28ae93a

Time (s): cpu = 00:06:26 ; elapsed = 00:05:05 . Memory (MB): peak = 1960.152 ; gain = 165.422
INFO: [Route 35-580] Design has 5 pins with tight setup and hold constraints.

The top 5 pins with tight setup and hold constraints:

+--------------------------+--------------------------+----------------------------------------------------------------------------------------------------------+
|       Launch Clock       |      Capture Clock       |                                                 Pin                                                      |
+--------------------------+--------------------------+----------------------------------------------------------------------------------------------------------+
|              pll_adc_clk |              pll_adc_clk |                                                                               i_asg/chA/dac_pnt_reg[59]/D|
|              pll_adc_clk |              pll_adc_clk |                                                                               i_asg/chB/dac_pnt_reg[46]/D|
|              pll_adc_clk |              pll_adc_clk |                                                                               i_asg/chA/dac_pnt_reg[48]/D|
|              pll_adc_clk |              pll_adc_clk |                                                                               i_asg/chA/dac_pnt_reg[36]/D|
|              pll_adc_clk |              pll_adc_clk |                                                                               i_asg/chA/dac_pnt_reg[34]/D|
+--------------------------+--------------------------+----------------------------------------------------------------------------------------------------------+

File with complete list of pins: tight_setup_hold_pins.txt


Phase 15 Rip-up And Reroute

Phase 15.1 Global Iteration 0
 Number of Nodes with overlaps = 66
 Number of Nodes with overlaps = 40
 Number of Nodes with overlaps = 9
 Number of Nodes with overlaps = 1
 Number of Nodes with overlaps = 1
 Number of Nodes with overlaps = 1
 Number of Nodes with overlaps = 1
 Number of Nodes with overlaps = 1
 Number of Nodes with overlaps = 0
INFO: [Route 35-416] Intermediate Timing Summary | WNS=-0.302 | TNS=-8.699 | WHS=N/A    | THS=N/A    |

Phase 15.1 Global Iteration 0 | Checksum: 1112f0212

Time (s): cpu = 00:06:48 ; elapsed = 00:05:21 . Memory (MB): peak = 1960.152 ; gain = 165.422

Phase 15.2 Global Iteration 1
 Number of Nodes with overlaps = 235
 Number of Nodes with overlaps = 149
 Number of Nodes with overlaps = 48
 Number of Nodes with overlaps = 21
 Number of Nodes with overlaps = 7
 Number of Nodes with overlaps = 4
 Number of Nodes with overlaps = 1
 Number of Nodes with overlaps = 0
INFO: [Route 35-416] Intermediate Timing Summary | WNS=-0.286 | TNS=-6.465 | WHS=N/A    | THS=N/A    |

Phase 15.2 Global Iteration 1 | Checksum: 2408d65ed

Time (s): cpu = 00:06:57 ; elapsed = 00:05:30 . Memory (MB): peak = 1960.152 ; gain = 165.422

Phase 15.3 Global Iteration 2
 Number of Nodes with overlaps = 207
 Number of Nodes with overlaps = 78
 Number of Nodes with overlaps = 29
 Number of Nodes with overlaps = 15
 Number of Nodes with overlaps = 6
 Number of Nodes with overlaps = 1
 Number of Nodes with overlaps = 0
INFO: [Route 35-416] Intermediate Timing Summary | WNS=-0.340 | TNS=-6.459 | WHS=N/A    | THS=N/A    |

Phase 15.3 Global Iteration 2 | Checksum: 1f9a81b89

Time (s): cpu = 00:07:04 ; elapsed = 00:05:36 . Memory (MB): peak = 1960.152 ; gain = 165.422
Phase 15 Rip-up And Reroute | Checksum: 1f9a81b89

Time (s): cpu = 00:07:04 ; elapsed = 00:05:36 . Memory (MB): peak = 1960.152 ; gain = 165.422

Phase 16 Delay and Skew Optimization

Phase 16.1 TNS Cleanup

Phase 16.1.1 Delay CleanUp

Phase 16.1.1.1 Update Timing
Phase 16.1.1.1 Update Timing | Checksum: 2029cff54

Time (s): cpu = 00:07:07 ; elapsed = 00:05:38 . Memory (MB): peak = 1960.152 ; gain = 165.422
INFO: [Route 35-416] Intermediate Timing Summary | WNS=-0.207 | TNS=-3.271 | WHS=N/A    | THS=N/A    |

 Number of Nodes with overlaps = 0

Phase 16.1.1.2 Update Timing
Phase 16.1.1.2 Update Timing | Checksum: 16747814f

Time (s): cpu = 00:07:08 ; elapsed = 00:05:38 . Memory (MB): peak = 1960.152 ; gain = 165.422
INFO: [Route 35-416] Intermediate Timing Summary | WNS=-0.207 | TNS=-2.820 | WHS=N/A    | THS=N/A    |

 Number of Nodes with overlaps = 0

Phase 16.1.1.3 Update Timing
Phase 16.1.1.3 Update Timing | Checksum: 16062d7b8

Time (s): cpu = 00:07:09 ; elapsed = 00:05:39 . Memory (MB): peak = 1960.152 ; gain = 165.422
INFO: [Route 35-416] Intermediate Timing Summary | WNS=-0.207 | TNS=-2.725 | WHS=N/A    | THS=N/A    |

Phase 16.1.1 Delay CleanUp | Checksum: 19a8a7b54

Time (s): cpu = 00:07:09 ; elapsed = 00:05:40 . Memory (MB): peak = 1960.152 ; gain = 165.422
Phase 16.1 TNS Cleanup | Checksum: 19a8a7b54

Time (s): cpu = 00:07:09 ; elapsed = 00:05:40 . Memory (MB): peak = 1960.152 ; gain = 165.422

Phase 16.2 Clock Skew Optimization
Phase 16.2 Clock Skew Optimization | Checksum: 19a8a7b54

Time (s): cpu = 00:07:09 ; elapsed = 00:05:40 . Memory (MB): peak = 1960.152 ; gain = 165.422
Phase 16 Delay and Skew Optimization | Checksum: 19a8a7b54

Time (s): cpu = 00:07:09 ; elapsed = 00:05:40 . Memory (MB): peak = 1960.152 ; gain = 165.422

Phase 17 Post Hold Fix

Phase 17.1 Hold Fix Iter

Phase 17.1.1 Update Timing
Phase 17.1.1 Update Timing | Checksum: 18fa7ef22

Time (s): cpu = 00:07:13 ; elapsed = 00:05:42 . Memory (MB): peak = 1960.152 ; gain = 165.422
INFO: [Route 35-416] Intermediate Timing Summary | WNS=-0.207 | TNS=-2.725 | WHS=0.036  | THS=0.000  |

Phase 17.1 Hold Fix Iter | Checksum: 167a56761

Time (s): cpu = 00:07:13 ; elapsed = 00:05:42 . Memory (MB): peak = 1960.152 ; gain = 165.422
Phase 17 Post Hold Fix | Checksum: 167a56761

Time (s): cpu = 00:07:13 ; elapsed = 00:05:42 . Memory (MB): peak = 1960.152 ; gain = 165.422

Phase 18 Timing Verification

Phase 18.1 Update Timing
Phase 18.1 Update Timing | Checksum: 1469fe07d

Time (s): cpu = 00:07:18 ; elapsed = 00:05:46 . Memory (MB): peak = 1960.152 ; gain = 165.422
INFO: [Route 35-416] Intermediate Timing Summary | WNS=-0.207 | TNS=-2.725 | WHS=N/A    | THS=N/A    |

Phase 18 Timing Verification | Checksum: 1469fe07d

Time (s): cpu = 00:07:18 ; elapsed = 00:05:46 . Memory (MB): peak = 1960.152 ; gain = 165.422

Phase 19 Reset Design
INFO: [Route 35-307] 21908 nets already restored were skipped.
Post Restoration Checksum: NetGraph: ad60024f NumContArr: 14705707 Constraints: 0 Timing: 7dbeb26e
Phase 19 Reset Design | Checksum: 13f8f0bc4

Time (s): cpu = 00:07:23 ; elapsed = 00:05:48 . Memory (MB): peak = 1960.152 ; gain = 165.422

Phase 20 Post Router Timing
INFO: [Route 35-20] Post Routing Timing Summary | WNS=-0.193 | TNS=-4.595 | WHS=0.049  | THS=0.000  |

WARNING: [Route 35-39] The design did not meet timing requirements. Please run report_timing_summary for detailed reports.
Resolution: Verify that the timing was met or had small violations at all previous steps (synthesis, placement, power_opt, and phys_opt). Run report_timing_summary and analyze individual timing paths.
INFO: [Route 35-253] TNS is the sum of the worst slack violation on every endpoint in the design. Review the paths with the biggest WNS violations in the timing reports and modify your constraints or your design to improve both WNS and TNS.
Phase 20 Post Router Timing | Checksum: 13807f34d

Time (s): cpu = 00:07:33 ; elapsed = 00:05:54 . Memory (MB): peak = 1960.152 ; gain = 165.422
INFO: [Route 35-16] Router Completed Successfully

Time (s): cpu = 00:07:33 ; elapsed = 00:05:54 . Memory (MB): peak = 1960.152 ; gain = 165.422

Routing Is Done.
INFO: [Common 17-83] Releasing license: Implementation
1045 Infos, 57 Warnings, 52 Critical Warnings and 0 Errors encountered.
route_design completed successfully
route_design: Time (s): cpu = 00:07:38 ; elapsed = 00:05:57 . Memory (MB): peak = 1960.152 ; gain = 165.422
INFO: [Timing 38-480] Writing timing data to binary archive.
Writing placer database...
Writing XDEF routing.
Writing XDEF routing logical nets.
Writing XDEF routing special nets.
Write XDEF Complete: Time (s): cpu = 00:00:06 ; elapsed = 00:00:02 . Memory (MB): peak = 1960.152 ; gain = 0.000
INFO: [Common 17-1381] The checkpoint 'D:/RedPitaya-FPGA/prj/quantum_control/project/redpitaya.runs/impl_1/red_pitaya_top_routed.dcp' has been generated.
write_checkpoint: Time (s): cpu = 00:00:11 ; elapsed = 00:00:06 . Memory (MB): peak = 1960.152 ; gain = 0.000
INFO: [runtcl-4] Executing : report_drc -file red_pitaya_top_drc_routed.rpt -pb red_pitaya_top_drc_routed.pb -rpx red_pitaya_top_drc_routed.rpx
Command: report_drc -file red_pitaya_top_drc_routed.rpt -pb red_pitaya_top_drc_routed.pb -rpx red_pitaya_top_drc_routed.rpx
INFO: [IP_Flow 19-1839] IP Catalog is up to date.
INFO: [DRC 23-27] Running DRC with 2 threads
INFO: [Coretcl 2-168] The results of DRC are in file D:/RedPitaya-FPGA/prj/quantum_control/project/redpitaya.runs/impl_1/red_pitaya_top_drc_routed.rpt.
report_drc completed successfully
report_drc: Time (s): cpu = 00:00:16 ; elapsed = 00:00:09 . Memory (MB): peak = 1960.152 ; gain = 0.000
INFO: [runtcl-4] Executing : report_methodology -file red_pitaya_top_methodology_drc_routed.rpt -pb red_pitaya_top_methodology_drc_routed.pb -rpx red_pitaya_top_methodology_drc_routed.rpx
Command: report_methodology -file red_pitaya_top_methodology_drc_routed.rpt -pb red_pitaya_top_methodology_drc_routed.pb -rpx red_pitaya_top_methodology_drc_routed.rpx
INFO: [Timing 38-35] Done setting XDC timing constraints.
INFO: [DRC 23-133] Running Methodology with 2 threads
INFO: [Coretcl 2-1520] The results of Report Methodology are in file D:/RedPitaya-FPGA/prj/quantum_control/project/redpitaya.runs/impl_1/red_pitaya_top_methodology_drc_routed.rpt.
report_methodology completed successfully
report_methodology: Time (s): cpu = 00:00:42 ; elapsed = 00:00:23 . Memory (MB): peak = 1974.449 ; gain = 14.297
INFO: [runtcl-4] Executing : report_power -file red_pitaya_top_power_routed.rpt -pb red_pitaya_top_power_summary_routed.pb -rpx red_pitaya_top_power_routed.rpx
Command: report_power -file red_pitaya_top_power_routed.rpt -pb red_pitaya_top_power_summary_routed.pb -rpx red_pitaya_top_power_routed.rpx
INFO: [Power 33-23] Power model is not available for i_DNA
INFO: [Timing 38-35] Done setting XDC timing constraints.
Running Vector-less Activity Propagation...

Finished Running Vector-less Activity Propagation
WARNING: [Power 33-332] Found switching activity that implies high-fanout reset nets being asserted for excessive periods of time which may result in inaccurate power analysis.
Resolution: To review and fix problems, please run Power Constraints Advisor in the GUI from Tools > Power Constraints Advisor or run report_power with the -advisory option to generate a text report.
1058 Infos, 58 Warnings, 52 Critical Warnings and 0 Errors encountered.
report_power completed successfully
report_power: Time (s): cpu = 00:00:14 ; elapsed = 00:00:08 . Memory (MB): peak = 1975.176 ; gain = 0.727
INFO: [runtcl-4] Executing : report_route_status -file red_pitaya_top_route_status.rpt -pb red_pitaya_top_route_status.pb
INFO: [runtcl-4] Executing : report_timing_summary -max_paths 10 -file red_pitaya_top_timing_summary_routed.rpt -pb red_pitaya_top_timing_summary_routed.pb -rpx red_pitaya_top_timing_summary_routed.rpx
INFO: [Timing 38-91] UpdateTimingParams: Speed grade: -1, Delay Type: min_max.
INFO: [Timing 38-191] Multithreading enabled for timing update using a maximum of 2 CPUs
WARNING: [Timing 38-436] There are set_bus_skew constraint(s) in this design. Please run report_bus_skew to ensure that bus skew requirements are met.
INFO: [runtcl-4] Executing : report_incremental_reuse -file red_pitaya_top_incremental_reuse_routed.rpt
INFO: [Vivado_Tcl 4-1062] Incremental flow is disabled. No incremental reuse Info to report.
INFO: [runtcl-4] Executing : report_clock_utilization -file red_pitaya_top_clock_utilization_routed.rpt
INFO: [runtcl-4] Executing : report_bus_skew -warn_on_violation -file red_pitaya_top_bus_skew_routed.rpt -pb red_pitaya_top_bus_skew_routed.pb -rpx red_pitaya_top_bus_skew_routed.rpx
INFO: [Timing 38-91] UpdateTimingParams: Speed grade: -1, Delay Type: min_max.
INFO: [Timing 38-191] Multithreading enabled for timing update using a maximum of 2 CPUs
Command: phys_opt_design -directive Explore
Attempting to get a license for feature 'Implementation' and/or device 'xc7z010'
INFO: [Common 17-349] Got license for feature 'Implementation' and/or device 'xc7z010'
INFO: [Vivado_Tcl 4-241] Physical synthesis in post route mode ( 100.0% nets are fully routed)
INFO: [Vivado_Tcl 4-137] Directive used for phys_opt_design is: Explore
INFO: [DRC 23-27] Running DRC with 2 threads
INFO: [Vivado_Tcl 4-198] DRC finished with 0 Errors
INFO: [Vivado_Tcl 4-199] Please refer to the DRC report (report_drc) for more information.
Netlist sorting complete. Time (s): cpu = 00:00:00 ; elapsed = 00:00:00.013 . Memory (MB): peak = 1975.176 ; gain = 0.000

Starting Physical Synthesis Task

Phase 1 Physical Synthesis Initialization
INFO: [Physopt 32-721] Multithreading enabled for phys_opt_design using a maximum of 2 CPUs
INFO: [Physopt 32-668] Current Timing Summary | WNS=-0.193 | TNS=-4.595 | WHS=0.049 | THS=0.000 |
Phase 1 Physical Synthesis Initialization | Checksum: 19818544b

Time (s): cpu = 00:00:17 ; elapsed = 00:00:08 . Memory (MB): peak = 1975.176 ; gain = 0.000

Phase 2 Critical Path Optimization
INFO: [Physopt 32-668] Current Timing Summary | WNS=-0.193 | TNS=-4.595 | WHS=0.049 | THS=0.000 |
INFO: [Physopt 32-953] Path group WNS did not improve. Path group: pll_adc_clk. Processed net: i_asg/chA/dac_pnt[49].
INFO: [Physopt 32-953] Path group WNS did not improve. Path group: pll_adc_clk. Processed net: pll/pll_adc_clk.
INFO: [Physopt 32-953] Path group WNS did not improve. Path group: pll_adc_clk. Processed net: i_asg/chA/inst_axi_dac/dac_pnt[61]_i_4_n_0.
INFO: [Physopt 32-710] Processed net i_asg/chA/inst_axi_dac/dac_pnt[61]_i_4_n_0. Critical path length was reduced through logic transformation on cell i_asg/chA/inst_axi_dac/dac_pnt[61]_i_4_comp.
INFO: [Physopt 32-952] Improved path group WNS = -0.189. Path group: pll_adc_clk. Processed net: i_asg/chA/dac_pnt[61]_i_10_n_0.
INFO: [Physopt 32-953] Path group WNS did not improve. Path group: pll_adc_clk. Processed net: i_asg/chB/dac_pnt_reg_n_0_[11].
INFO: [Physopt 32-952] Improved path group WNS = -0.185. Path group: pll_adc_clk. Processed net: i_asg/chB/inst_axi_dac/dac_pnt[61]_i_4__0_n_0.
INFO: [Physopt 32-953] Path group WNS did not improve. Path group: pll_adc_clk. Processed net: i_asg/chB/dac_pnt_reg_n_0_[5].
INFO: [Physopt 32-953] Path group WNS did not improve. Path group: pll_adc_clk. Processed net: i_asg/chB/inst_axi_dac/dac_pnt[61]_i_4__0_n_0.
INFO: [Physopt 32-710] Processed net i_asg/chB/inst_axi_dac/dac_pnt[61]_i_4__0_n_0. Critical path length was reduced through logic transformation on cell i_asg/chB/inst_axi_dac/dac_pnt[61]_i_4__0_comp.
INFO: [Physopt 32-952] Improved path group WNS = -0.155. Path group: pll_adc_clk. Processed net: i_asg/chB/dac_pnt[61]_i_11_n_0.
INFO: [Physopt 32-953] Path group WNS did not improve. Path group: pll_adc_clk. Processed net: i_asg/chB/dac_do.
INFO: [Physopt 32-710] Processed net i_asg/dac_do_i_1__2_n_0. Critical path length was reduced through logic transformation on cell i_asg/dac_do_i_1__2_comp.
INFO: [Physopt 32-952] Improved path group WNS = -0.120. Path group: pll_adc_clk. Processed net: i_asg/chB/cyc_cnt_reg[0]_0.
INFO: [Physopt 32-953] Path group WNS did not improve. Path group: pll_adc_clk. Processed net: i_asg/chA/dac_pnt_reg_n_0_[41].
INFO: [Physopt 32-953] Path group WNS did not improve. Path group: pll_adc_clk. Processed net: i_asg/chA/inst_axi_dac/dac_pnt[61]_i_3_n_0.
INFO: [Physopt 32-710] Processed net i_asg/chA/inst_axi_dac/dac_pnt[61]_i_3_n_0. Critical path length was reduced through logic transformation on cell i_asg/chA/inst_axi_dac/dac_pnt[61]_i_3_comp.
INFO: [Physopt 32-952] Improved path group WNS = -0.109. Path group: pll_adc_clk. Processed net: i_asg/chA/dac_pnt[61]_i_8_n_0.
INFO: [Physopt 32-952] Improved path group WNS = -0.094. Path group: pll_adc_clk. Processed net: i_asg/chB/dac_npnt_sub[62].
INFO: [Physopt 32-953] Path group WNS did not improve. Path group: pll_adc_clk. Processed net: i_asg/chB/dac_npnt_sub[62].
INFO: [Physopt 32-953] Path group WNS did not improve. Path group: pll_adc_clk. Processed net: i_asg/chB/dac_pnt[52]_i_6__0_n_0.
INFO: [Physopt 32-953] Path group WNS did not improve. Path group: pll_adc_clk. Processed net: i_asg/chB/dac_pnt_reg[51]_i_2__0_n_6.
INFO: [Physopt 32-953] Path group WNS did not improve. Path group: pll_adc_clk. Processed net: i_asg/chB/dac_pnt[15]_i_5__0_n_0.
INFO: [Physopt 32-953] Path group WNS did not improve. Path group: pll_adc_clk. Processed net: i_asg/chB/inst_axi_dac/set_b_ofs_reg[29][5].
INFO: [Physopt 32-953] Path group WNS did not improve. Path group: pll_adc_clk. Processed net: i_asg/chB/dac_pnt_reg_n_0_[13].
INFO: [Physopt 32-953] Path group WNS did not improve. Path group: pll_adc_clk. Processed net: i_asg/chB/dac_pnt_reg_n_0_[5].
INFO: [Physopt 32-953] Path group WNS did not improve. Path group: pll_adc_clk. Processed net: pll/pll_adc_clk.
INFO: [Physopt 32-952] Improved path group WNS = -0.035. Path group: pll_adc_clk. Processed net: i_asg/chB/inst_axi_dac/dac_pnt[61]_i_4__0_n_0.
INFO: [Physopt 32-953] Path group WNS did not improve. Path group: pll_adc_clk. Processed net: i_asg/chB/dac_pnt_reg_n_0_[34].
INFO: [Physopt 32-953] Path group WNS did not improve. Path group: pll_adc_clk. Processed net: i_asg/chB/inst_axi_dac/dac_pnt[61]_i_7__0_n_0.
INFO: [Physopt 32-953] Path group WNS did not improve. Path group: pll_adc_clk. Processed net: i_asg/chB/dac_npnt_sub[62].
INFO: [Physopt 32-953] Path group WNS did not improve. Path group: pll_adc_clk. Processed net: i_asg/chB/dac_pnt[52]_i_6__0_n_0.
INFO: [Physopt 32-953] Path group WNS did not improve. Path group: pll_adc_clk. Processed net: i_asg/chB/dac_pnt_reg[51]_i_2__0_n_6.
INFO: [Physopt 32-953] Path group WNS did not improve. Path group: pll_adc_clk. Processed net: i_asg/chB/dac_pnt[7]_i_5__0_n_0.
INFO: [Physopt 32-953] Path group WNS did not improve. Path group: pll_adc_clk. Processed net: i_asg/chB/inst_axi_dac/set_b_ofs_reg[29][34].
INFO: [Physopt 32-953] Path group WNS did not improve. Path group: pll_adc_clk. Processed net: i_asg/chB/dac_do.
INFO: [Physopt 32-668] Current Timing Summary | WNS=-0.035 | TNS=-0.035 | WHS=0.049 | THS=0.000 |
Phase 2 Critical Path Optimization | Checksum: 19818544b

Time (s): cpu = 00:03:43 ; elapsed = 00:03:00 . Memory (MB): peak = 2028.309 ; gain = 53.133
Netlist sorting complete. Time (s): cpu = 00:00:00 ; elapsed = 00:00:00.040 . Memory (MB): peak = 2028.309 ; gain = 0.000
INFO: [Physopt 32-669] Post Physical Optimization Timing Summary | WNS=-0.035 | TNS=-0.035 | WHS=0.049 | THS=0.000 |

Summary of Physical Synthesis Optimizations
============================================


-------------------------------------------------------------------------------------------------------------------------------------------------------------
|  Optimization   |  WNS Gain (ns)  |  TNS Gain (ns)  |  Added Cells  |  Removed Cells  |  Optimized Cells/Nets  |  Dont Touch  |  Iterations  |  Elapsed   |
-------------------------------------------------------------------------------------------------------------------------------------------------------------
|  Critical Path  |          0.158  |          4.560  |            0  |              0  |                     7  |           0  |           1  |  00:02:52  |
-------------------------------------------------------------------------------------------------------------------------------------------------------------


Netlist sorting complete. Time (s): cpu = 00:00:00 ; elapsed = 00:00:00.010 . Memory (MB): peak = 2028.309 ; gain = 0.000
Ending Physical Synthesis Task | Checksum: 26311fa3e

Time (s): cpu = 00:03:43 ; elapsed = 00:03:00 . Memory (MB): peak = 2028.309 ; gain = 53.133
INFO: [Common 17-83] Releasing license: Implementation
1116 Infos, 59 Warnings, 52 Critical Warnings and 0 Errors encountered.
phys_opt_design completed successfully
phys_opt_design: Time (s): cpu = 00:03:46 ; elapsed = 00:03:03 . Memory (MB): peak = 2028.309 ; gain = 53.133
INFO: [Timing 38-480] Writing timing data to binary archive.
Writing placer database...
Writing XDEF routing.
Writing XDEF routing logical nets.
Writing XDEF routing special nets.
Write XDEF Complete: Time (s): cpu = 00:00:07 ; elapsed = 00:00:03 . Memory (MB): peak = 2028.309 ; gain = 0.000
INFO: [Common 17-1381] The checkpoint 'D:/RedPitaya-FPGA/prj/quantum_control/project/redpitaya.runs/impl_1/red_pitaya_top_postroute_physopt.dcp' has been generated.
write_checkpoint: Time (s): cpu = 00:00:12 ; elapsed = 00:00:08 . Memory (MB): peak = 2028.309 ; gain = 0.000
INFO: [runtcl-4] Executing : report_timing_summary -max_paths 10 -warn_on_violation -file red_pitaya_top_timing_summary_postroute_physopted.rpt -pb red_pitaya_top_timing_summary_postroute_physopted.pb -rpx red_pitaya_top_timing_summary_postroute_physopted.rpx
INFO: [Timing 38-91] UpdateTimingParams: Speed grade: -1, Delay Type: min_max.
INFO: [Timing 38-191] Multithreading enabled for timing update using a maximum of 2 CPUs
CRITICAL WARNING: [Timing 38-282] The design failed to meet the timing requirements. Please see the timing summary report for details on the timing violations.
WARNING: [Timing 38-436] There are set_bus_skew constraint(s) in this design. Please run report_bus_skew to ensure that bus skew requirements are met.
report_timing_summary: Time (s): cpu = 00:00:12 ; elapsed = 00:00:06 . Memory (MB): peak = 2028.309 ; gain = 0.000
INFO: [runtcl-4] Executing : report_bus_skew -warn_on_violation -file red_pitaya_top_bus_skew_postroute_physopted.rpt -pb red_pitaya_top_bus_skew_postroute_physopted.pb -rpx red_pitaya_top_bus_skew_postroute_physopted.rpx
INFO: [Timing 38-91] UpdateTimingParams: Speed grade: -1, Delay Type: min_max.
INFO: [Timing 38-191] Multithreading enabled for timing update using a maximum of 2 CPUs
Command: write_bitstream -force red_pitaya_top.bit
Attempting to get a license for feature 'Implementation' and/or device 'xc7z010'
INFO: [Common 17-349] Got license for feature 'Implementation' and/or device 'xc7z010'
Running DRC as a precondition to command write_bitstream
INFO: [IP_Flow 19-1839] IP Catalog is up to date.
INFO: [DRC 23-27] Running DRC with 2 threads
WARNING: [DRC DPIP-1] Input pipelining: DSP i_asg/chA/dac_mult_reg input i_asg/chA/dac_mult_reg/A[29:0] is not pipelined. Pipelining DSP48 input will improve performance.
WARNING: [DRC DPIP-1] Input pipelining: DSP i_asg/chB/dac_mult_reg input i_asg/chB/dac_mult_reg/A[29:0] is not pipelined. Pipelining DSP48 input will improve performance.
WARNING: [DRC DPIP-1] Input pipelining: DSP i_scope/genblk1[0].i_calib_ch/gain_calc_r1 input i_scope/genblk1[0].i_calib_ch/gain_calc_r1/A[29:0] is not pipelined. Pipelining DSP48 input will improve performance.
WARNING: [DRC DPIP-1] Input pipelining: DSP i_scope/genblk1[0].i_calib_ch/gain_calc_r1__0 input i_scope/genblk1[0].i_calib_ch/gain_calc_r1__0/B[17:0] is not pipelined. Pipelining DSP48 input will improve performance.
WARNING: [DRC DPIP-1] Input pipelining: DSP i_scope/genblk1[0].i_dfilt1_ch/kk_mult_reg input i_scope/genblk1[0].i_dfilt1_ch/kk_mult_reg/A[29:0] is not pipelined. Pipelining DSP48 input will improve performance.
WARNING: [DRC DPIP-1] Input pipelining: DSP i_scope/genblk1[0].i_dfilt1_ch/kk_mult_reg input i_scope/genblk1[0].i_dfilt1_ch/kk_mult_reg/B[17:0] is not pipelined. Pipelining DSP48 input will improve performance.
WARNING: [DRC DPIP-1] Input pipelining: DSP i_scope/genblk1[1].i_calib_ch/gain_calc_r1 input i_scope/genblk1[1].i_calib_ch/gain_calc_r1/A[29:0] is not pipelined. Pipelining DSP48 input will improve performance.
WARNING: [DRC DPIP-1] Input pipelining: DSP i_scope/genblk1[1].i_calib_ch/gain_calc_r1__0 input i_scope/genblk1[1].i_calib_ch/gain_calc_r1__0/B[17:0] is not pipelined. Pipelining DSP48 input will improve performance.
WARNING: [DRC DPIP-1] Input pipelining: DSP i_scope/genblk1[1].i_dfilt1_ch/kk_mult_reg input i_scope/genblk1[1].i_dfilt1_ch/kk_mult_reg/A[29:0] is not pipelined. Pipelining DSP48 input will improve performance.
WARNING: [DRC DPIP-1] Input pipelining: DSP i_scope/genblk1[1].i_dfilt1_ch/kk_mult_reg input i_scope/genblk1[1].i_dfilt1_ch/kk_mult_reg/B[17:0] is not pipelined. Pipelining DSP48 input will improve performance.
WARNING: [DRC DPOP-1] PREG Output pipelining: DSP i_pid/i_pid11/int_sum output i_pid/i_pid11/int_sum/PATTERNBDETECT is not pipelined (PREG=0). Pipelining the DSP48 output will improve performance and often saves power so it is suggested whenever possible to fully pipeline this function.  If this DSP48 function was inferred, it is suggested to describe an additional register stage after this function.  If the DSP48 was instantiated in the design, it is suggested to set the PREG attribute to 1.
WARNING: [DRC DPOP-1] PREG Output pipelining: DSP i_pid/i_pid11/int_sum output i_pid/i_pid11/int_sum/PATTERNDETECT is not pipelined (PREG=0). Pipelining the DSP48 output will improve performance and often saves power so it is suggested whenever possible to fully pipeline this function.  If this DSP48 function was inferred, it is suggested to describe an additional register stage after this function.  If the DSP48 was instantiated in the design, it is suggested to set the PREG attribute to 1.
WARNING: [DRC DPOP-1] PREG Output pipelining: DSP i_pid/i_pid11/int_sum output i_pid/i_pid11/int_sum/P[47:0] is not pipelined (PREG=0). Pipelining the DSP48 output will improve performance and often saves power so it is suggested whenever possible to fully pipeline this function.  If this DSP48 function was inferred, it is suggested to describe an additional register stage after this function.  If the DSP48 was instantiated in the design, it is suggested to set the PREG attribute to 1.
WARNING: [DRC DPOP-1] PREG Output pipelining: DSP i_pid/i_pid12/int_sum output i_pid/i_pid12/int_sum/PATTERNBDETECT is not pipelined (PREG=0). Pipelining the DSP48 output will improve performance and often saves power so it is suggested whenever possible to fully pipeline this function.  If this DSP48 function was inferred, it is suggested to describe an additional register stage after this function.  If the DSP48 was instantiated in the design, it is suggested to set the PREG attribute to 1.
WARNING: [DRC DPOP-1] PREG Output pipelining: DSP i_pid/i_pid12/int_sum output i_pid/i_pid12/int_sum/PATTERNDETECT is not pipelined (PREG=0). Pipelining the DSP48 output will improve performance and often saves power so it is suggested whenever possible to fully pipeline this function.  If this DSP48 function was inferred, it is suggested to describe an additional register stage after this function.  If the DSP48 was instantiated in the design, it is suggested to set the PREG attribute to 1.
WARNING: [DRC DPOP-1] PREG Output pipelining: DSP i_pid/i_pid12/int_sum output i_pid/i_pid12/int_sum/P[47:0] is not pipelined (PREG=0). Pipelining the DSP48 output will improve performance and often saves power so it is suggested whenever possible to fully pipeline this function.  If this DSP48 function was inferred, it is suggested to describe an additional register stage after this function.  If the DSP48 was instantiated in the design, it is suggested to set the PREG attribute to 1.
WARNING: [DRC DPOP-1] PREG Output pipelining: DSP i_pid/i_pid21/int_sum output i_pid/i_pid21/int_sum/PATTERNBDETECT is not pipelined (PREG=0). Pipelining the DSP48 output will improve performance and often saves power so it is suggested whenever possible to fully pipeline this function.  If this DSP48 function was inferred, it is suggested to describe an additional register stage after this function.  If the DSP48 was instantiated in the design, it is suggested to set the PREG attribute to 1.
WARNING: [DRC DPOP-1] PREG Output pipelining: DSP i_pid/i_pid21/int_sum output i_pid/i_pid21/int_sum/PATTERNDETECT is not pipelined (PREG=0). Pipelining the DSP48 output will improve performance and often saves power so it is suggested whenever possible to fully pipeline this function.  If this DSP48 function was inferred, it is suggested to describe an additional register stage after this function.  If the DSP48 was instantiated in the design, it is suggested to set the PREG attribute to 1.
WARNING: [DRC DPOP-1] PREG Output pipelining: DSP i_pid/i_pid21/int_sum output i_pid/i_pid21/int_sum/P[47:0] is not pipelined (PREG=0). Pipelining the DSP48 output will improve performance and often saves power so it is suggested whenever possible to fully pipeline this function.  If this DSP48 function was inferred, it is suggested to describe an additional register stage after this function.  If the DSP48 was instantiated in the design, it is suggested to set the PREG attribute to 1.
WARNING: [DRC DPOP-1] PREG Output pipelining: DSP i_pid/i_pid22/int_sum output i_pid/i_pid22/int_sum/PATTERNBDETECT is not pipelined (PREG=0). Pipelining the DSP48 output will improve performance and often saves power so it is suggested whenever possible to fully pipeline this function.  If this DSP48 function was inferred, it is suggested to describe an additional register stage after this function.  If the DSP48 was instantiated in the design, it is suggested to set the PREG attribute to 1.
WARNING: [DRC DPOP-1] PREG Output pipelining: DSP i_pid/i_pid22/int_sum output i_pid/i_pid22/int_sum/PATTERNDETECT is not pipelined (PREG=0). Pipelining the DSP48 output will improve performance and often saves power so it is suggested whenever possible to fully pipeline this function.  If this DSP48 function was inferred, it is suggested to describe an additional register stage after this function.  If the DSP48 was instantiated in the design, it is suggested to set the PREG attribute to 1.
WARNING: [DRC DPOP-1] PREG Output pipelining: DSP i_pid/i_pid22/int_sum output i_pid/i_pid22/int_sum/P[47:0] is not pipelined (PREG=0). Pipelining the DSP48 output will improve performance and often saves power so it is suggested whenever possible to fully pipeline this function.  If this DSP48 function was inferred, it is suggested to describe an additional register stage after this function.  If the DSP48 was instantiated in the design, it is suggested to set the PREG attribute to 1.
WARNING: [DRC DPOP-1] PREG Output pipelining: DSP i_scope/genblk1[0].i_dfilt1_ch/pp_mult output i_scope/genblk1[0].i_dfilt1_ch/pp_mult/P[47:0] is not pipelined (PREG=0). Pipelining the DSP48 output will improve performance and often saves power so it is suggested whenever possible to fully pipeline this function.  If this DSP48 function was inferred, it is suggested to describe an additional register stage after this function.  If the DSP48 was instantiated in the design, it is suggested to set the PREG attribute to 1.
WARNING: [DRC DPOP-1] PREG Output pipelining: DSP i_scope/genblk1[0].i_dfilt1_ch/r3_sum__0 output i_scope/genblk1[0].i_dfilt1_ch/r3_sum__0/P[47:0] is not pipelined (PREG=0). Pipelining the DSP48 output will improve performance and often saves power so it is suggested whenever possible to fully pipeline this function.  If this DSP48 function was inferred, it is suggested to describe an additional register stage after this function.  If the DSP48 was instantiated in the design, it is suggested to set the PREG attribute to 1.
WARNING: [DRC DPOP-1] PREG Output pipelining: DSP i_scope/genblk1[1].i_dfilt1_ch/pp_mult output i_scope/genblk1[1].i_dfilt1_ch/pp_mult/P[47:0] is not pipelined (PREG=0). Pipelining the DSP48 output will improve performance and often saves power so it is suggested whenever possible to fully pipeline this function.  If this DSP48 function was inferred, it is suggested to describe an additional register stage after this function.  If the DSP48 was instantiated in the design, it is suggested to set the PREG attribute to 1.
WARNING: [DRC DPOP-1] PREG Output pipelining: DSP i_scope/genblk1[1].i_dfilt1_ch/r3_sum__0 output i_scope/genblk1[1].i_dfilt1_ch/r3_sum__0/P[47:0] is not pipelined (PREG=0). Pipelining the DSP48 output will improve performance and often saves power so it is suggested whenever possible to fully pipeline this function.  If this DSP48 function was inferred, it is suggested to describe an additional register stage after this function.  If the DSP48 was instantiated in the design, it is suggested to set the PREG attribute to 1.
WARNING: [DRC DPOP-2] MREG Output pipelining: DSP i_asg/chA/dac_mult_reg multiplier stage i_asg/chA/dac_mult_reg/P[47:0] is not pipelined (MREG=0). Pipelining the multiplier function will improve performance and will save significant power so it is suggested whenever possible to fully pipeline this function.  If this multiplier was inferred, it is suggested to describe an additional register stage after this function.  If there is no registered adder/accumulator following the multiply function, two pipeline stages are suggested to allow both the MREG and PREG registers to be used.  If the DSP48 was instantiated in the design, it is suggested to set both the MREG and PREG attributes to 1 when performing multiply functions.
WARNING: [DRC DPOP-2] MREG Output pipelining: DSP i_asg/chB/dac_mult_reg multiplier stage i_asg/chB/dac_mult_reg/P[47:0] is not pipelined (MREG=0). Pipelining the multiplier function will improve performance and will save significant power so it is suggested whenever possible to fully pipeline this function.  If this multiplier was inferred, it is suggested to describe an additional register stage after this function.  If there is no registered adder/accumulator following the multiply function, two pipeline stages are suggested to allow both the MREG and PREG registers to be used.  If the DSP48 was instantiated in the design, it is suggested to set both the MREG and PREG attributes to 1 when performing multiply functions.
WARNING: [DRC DPOP-2] MREG Output pipelining: DSP i_pid/i_pid11/kd_mult multiplier stage i_pid/i_pid11/kd_mult/P[47:0] is not pipelined (MREG=0). Pipelining the multiplier function will improve performance and will save significant power so it is suggested whenever possible to fully pipeline this function.  If this multiplier was inferred, it is suggested to describe an additional register stage after this function.  If there is no registered adder/accumulator following the multiply function, two pipeline stages are suggested to allow both the MREG and PREG registers to be used.  If the DSP48 was instantiated in the design, it is suggested to set both the MREG and PREG attributes to 1 when performing multiply functions.
WARNING: [DRC DPOP-2] MREG Output pipelining: DSP i_pid/i_pid11/kp_mult multiplier stage i_pid/i_pid11/kp_mult/P[47:0] is not pipelined (MREG=0). Pipelining the multiplier function will improve performance and will save significant power so it is suggested whenever possible to fully pipeline this function.  If this multiplier was inferred, it is suggested to describe an additional register stage after this function.  If there is no registered adder/accumulator following the multiply function, two pipeline stages are suggested to allow both the MREG and PREG registers to be used.  If the DSP48 was instantiated in the design, it is suggested to set both the MREG and PREG attributes to 1 when performing multiply functions.
WARNING: [DRC DPOP-2] MREG Output pipelining: DSP i_pid/i_pid12/kd_mult multiplier stage i_pid/i_pid12/kd_mult/P[47:0] is not pipelined (MREG=0). Pipelining the multiplier function will improve performance and will save significant power so it is suggested whenever possible to fully pipeline this function.  If this multiplier was inferred, it is suggested to describe an additional register stage after this function.  If there is no registered adder/accumulator following the multiply function, two pipeline stages are suggested to allow both the MREG and PREG registers to be used.  If the DSP48 was instantiated in the design, it is suggested to set both the MREG and PREG attributes to 1 when performing multiply functions.
WARNING: [DRC DPOP-2] MREG Output pipelining: DSP i_pid/i_pid12/kp_mult multiplier stage i_pid/i_pid12/kp_mult/P[47:0] is not pipelined (MREG=0). Pipelining the multiplier function will improve performance and will save significant power so it is suggested whenever possible to fully pipeline this function.  If this multiplier was inferred, it is suggested to describe an additional register stage after this function.  If there is no registered adder/accumulator following the multiply function, two pipeline stages are suggested to allow both the MREG and PREG registers to be used.  If the DSP48 was instantiated in the design, it is suggested to set both the MREG and PREG attributes to 1 when performing multiply functions.
WARNING: [DRC DPOP-2] MREG Output pipelining: DSP i_pid/i_pid21/kd_mult multiplier stage i_pid/i_pid21/kd_mult/P[47:0] is not pipelined (MREG=0). Pipelining the multiplier function will improve performance and will save significant power so it is suggested whenever possible to fully pipeline this function.  If this multiplier was inferred, it is suggested to describe an additional register stage after this function.  If there is no registered adder/accumulator following the multiply function, two pipeline stages are suggested to allow both the MREG and PREG registers to be used.  If the DSP48 was instantiated in the design, it is suggested to set both the MREG and PREG attributes to 1 when performing multiply functions.
WARNING: [DRC DPOP-2] MREG Output pipelining: DSP i_pid/i_pid21/kp_mult multiplier stage i_pid/i_pid21/kp_mult/P[47:0] is not pipelined (MREG=0). Pipelining the multiplier function will improve performance and will save significant power so it is suggested whenever possible to fully pipeline this function.  If this multiplier was inferred, it is suggested to describe an additional register stage after this function.  If there is no registered adder/accumulator following the multiply function, two pipeline stages are suggested to allow both the MREG and PREG registers to be used.  If the DSP48 was instantiated in the design, it is suggested to set both the MREG and PREG attributes to 1 when performing multiply functions.
WARNING: [DRC DPOP-2] MREG Output pipelining: DSP i_pid/i_pid22/kd_mult multiplier stage i_pid/i_pid22/kd_mult/P[47:0] is not pipelined (MREG=0). Pipelining the multiplier function will improve performance and will save significant power so it is suggested whenever possible to fully pipeline this function.  If this multiplier was inferred, it is suggested to describe an additional register stage after this function.  If there is no registered adder/accumulator following the multiply function, two pipeline stages are suggested to allow both the MREG and PREG registers to be used.  If the DSP48 was instantiated in the design, it is suggested to set both the MREG and PREG attributes to 1 when performing multiply functions.
WARNING: [DRC DPOP-2] MREG Output pipelining: DSP i_pid/i_pid22/kp_mult multiplier stage i_pid/i_pid22/kp_mult/P[47:0] is not pipelined (MREG=0). Pipelining the multiplier function will improve performance and will save significant power so it is suggested whenever possible to fully pipeline this function.  If this multiplier was inferred, it is suggested to describe an additional register stage after this function.  If there is no registered adder/accumulator following the multiply function, two pipeline stages are suggested to allow both the MREG and PREG registers to be used.  If the DSP48 was instantiated in the design, it is suggested to set both the MREG and PREG attributes to 1 when performing multiply functions.
WARNING: [DRC DPOP-2] MREG Output pipelining: DSP i_scope/genblk1[0].i_calib_ch/gain_calc_r1__0 multiplier stage i_scope/genblk1[0].i_calib_ch/gain_calc_r1__0/P[47:0] is not pipelined (MREG=0). Pipelining the multiplier function will improve performance and will save significant power so it is suggested whenever possible to fully pipeline this function.  If this multiplier was inferred, it is suggested to describe an additional register stage after this function.  If there is no registered adder/accumulator following the multiply function, two pipeline stages are suggested to allow both the MREG and PREG registers to be used.  If the DSP48 was instantiated in the design, it is suggested to set both the MREG and PREG attributes to 1 when performing multiply functions.
WARNING: [DRC DPOP-2] MREG Output pipelining: DSP i_scope/genblk1[0].i_dfilt1_ch/bb_mult multiplier stage i_scope/genblk1[0].i_dfilt1_ch/bb_mult/P[47:0] is not pipelined (MREG=0). Pipelining the multiplier function will improve performance and will save significant power so it is suggested whenever possible to fully pipeline this function.  If this multiplier was inferred, it is suggested to describe an additional register stage after this function.  If there is no registered adder/accumulator following the multiply function, two pipeline stages are suggested to allow both the MREG and PREG registers to be used.  If the DSP48 was instantiated in the design, it is suggested to set both the MREG and PREG attributes to 1 when performing multiply functions.
WARNING: [DRC DPOP-2] MREG Output pipelining: DSP i_scope/genblk1[0].i_dfilt1_ch/kk_mult_reg multiplier stage i_scope/genblk1[0].i_dfilt1_ch/kk_mult_reg/P[47:0] is not pipelined (MREG=0). Pipelining the multiplier function will improve performance and will save significant power so it is suggested whenever possible to fully pipeline this function.  If this multiplier was inferred, it is suggested to describe an additional register stage after this function.  If there is no registered adder/accumulator following the multiply function, two pipeline stages are suggested to allow both the MREG and PREG registers to be used.  If the DSP48 was instantiated in the design, it is suggested to set both the MREG and PREG attributes to 1 when performing multiply functions.
WARNING: [DRC DPOP-2] MREG Output pipelining: DSP i_scope/genblk1[0].i_dfilt1_ch/pp_mult multiplier stage i_scope/genblk1[0].i_dfilt1_ch/pp_mult/P[47:0] is not pipelined (MREG=0). Pipelining the multiplier function will improve performance and will save significant power so it is suggested whenever possible to fully pipeline this function.  If this multiplier was inferred, it is suggested to describe an additional register stage after this function.  If there is no registered adder/accumulator following the multiply function, two pipeline stages are suggested to allow both the MREG and PREG registers to be used.  If the DSP48 was instantiated in the design, it is suggested to set both the MREG and PREG attributes to 1 when performing multiply functions.
WARNING: [DRC DPOP-2] MREG Output pipelining: DSP i_scope/genblk1[1].i_calib_ch/gain_calc_r1__0 multiplier stage i_scope/genblk1[1].i_calib_ch/gain_calc_r1__0/P[47:0] is not pipelined (MREG=0). Pipelining the multiplier function will improve performance and will save significant power so it is suggested whenever possible to fully pipeline this function.  If this multiplier was inferred, it is suggested to describe an additional register stage after this function.  If there is no registered adder/accumulator following the multiply function, two pipeline stages are suggested to allow both the MREG and PREG registers to be used.  If the DSP48 was instantiated in the design, it is suggested to set both the MREG and PREG attributes to 1 when performing multiply functions.
WARNING: [DRC DPOP-2] MREG Output pipelining: DSP i_scope/genblk1[1].i_dfilt1_ch/bb_mult multiplier stage i_scope/genblk1[1].i_dfilt1_ch/bb_mult/P[47:0] is not pipelined (MREG=0). Pipelining the multiplier function will improve performance and will save significant power so it is suggested whenever possible to fully pipeline this function.  If this multiplier was inferred, it is suggested to describe an additional register stage after this function.  If there is no registered adder/accumulator following the multiply function, two pipeline stages are suggested to allow both the MREG and PREG registers to be used.  If the DSP48 was instantiated in the design, it is suggested to set both the MREG and PREG attributes to 1 when performing multiply functions.
WARNING: [DRC DPOP-2] MREG Output pipelining: DSP i_scope/genblk1[1].i_dfilt1_ch/kk_mult_reg multiplier stage i_scope/genblk1[1].i_dfilt1_ch/kk_mult_reg/P[47:0] is not pipelined (MREG=0). Pipelining the multiplier function will improve performance and will save significant power so it is suggested whenever possible to fully pipeline this function.  If this multiplier was inferred, it is suggested to describe an additional register stage after this function.  If there is no registered adder/accumulator following the multiply function, two pipeline stages are suggested to allow both the MREG and PREG registers to be used.  If the DSP48 was instantiated in the design, it is suggested to set both the MREG and PREG attributes to 1 when performing multiply functions.
WARNING: [DRC DPOP-2] MREG Output pipelining: DSP i_scope/genblk1[1].i_dfilt1_ch/pp_mult multiplier stage i_scope/genblk1[1].i_dfilt1_ch/pp_mult/P[47:0] is not pipelined (MREG=0). Pipelining the multiplier function will improve performance and will save significant power so it is suggested whenever possible to fully pipeline this function.  If this multiplier was inferred, it is suggested to describe an additional register stage after this function.  If there is no registered adder/accumulator following the multiply function, two pipeline stages are suggested to allow both the MREG and PREG registers to be used.  If the DSP48 was instantiated in the design, it is suggested to set both the MREG and PREG attributes to 1 when performing multiply functions.
WARNING: [DRC PDRC-153] Gated clock check: Net i_daisy/genblk4[0].txp_dv_reg[0]_i_2_n_0 is a gated clock net sourced by a combinational pin i_daisy/genblk4[0].txp_dv_reg[0]_i_2/O, cell i_daisy/genblk4[0].txp_dv_reg[0]_i_2. This is not good design practice and will likely impact performance. For SLICE registers, for example, use the CE pin to control the loading of data.
WARNING: [DRC REQP-1724] DSP_Dbus_sign_bit_restriction: i_pid/i_pid21/kd_mult: When using the PreAdder and USE_DPORT is TRUE, the D operand should be restricted to 24 bit two's complement (and sign extended) to avoid over/underflow in the pre-add stage.
WARNING: [DRC RTSTAT-10] No routable loads: 26 net(s) have no routable loads. The problem bus(es) and/or net(s) are i_asg/chA/inst_axi_dac/inst_sync_fifo/U0/inst_fifo_gen/gconvfifo.rf/grf.rf/gntv_or_sync_fifo.gl0.wr/gwas.wsts/ENA_I, i_asg/chB/inst_axi_dac/inst_sync_fifo/U0/inst_fifo_gen/gconvfifo.rf/grf.rf/gntv_or_sync_fifo.gl0.wr/gwas.wsts/ENA_I, i_asg/chA/inst_axi_dac/inst_asg_dat_fifo/U0/inst_fifo_gen/gconvfifo.rf/grf.rf/rstblk/rd_rst_reg[2:0], i_asg/chA/inst_axi_dac/inst_sync_fifo/U0/inst_fifo_gen/gconvfifo.rf/grf.rf/rstblk/rd_rst_reg[2:0], i_asg/chB/inst_axi_dac/inst_sync_fifo/U0/inst_fifo_gen/gconvfifo.rf/grf.rf/rstblk/rd_rst_reg[2:0], i_asg/chB/inst_axi_dac/inst_asg_dat_fifo/U0/inst_fifo_gen/gconvfifo.rf/grf.rf/rstblk/rd_rst_reg[2:0], i_asg/chA/inst_axi_dac/inst_asg_dat_fifo/U0/inst_fifo_gen/gconvfifo.rf/grf.rf/rstblk/wr_rst_reg[2:0], i_asg/chB/inst_axi_dac/inst_sync_fifo/U0/inst_fifo_gen/gconvfifo.rf/grf.rf/rstblk/wr_rst_reg[2:0], i_asg/chB/inst_axi_dac/inst_asg_dat_fifo/U0/inst_fifo_gen/gconvfifo.rf/grf.rf/rstblk/wr_rst_reg[2:0], and i_asg/chA/inst_axi_dac/inst_sync_fifo/U0/inst_fifo_gen/gconvfifo.rf/grf.rf/rstblk/wr_rst_reg[2:0].
INFO: [DRC REQP-24] enum_BREG_0_connects_CEB1_GND_connects_CEB2_GND: i_scope/genblk1[0].i_dfilt1_ch/kk_mult_reg: When DSP48E1 attribute BREG is set to 0, the CEB1 and CEB2 pins should be tied to GND to save power.
INFO: [DRC REQP-24] enum_BREG_0_connects_CEB1_GND_connects_CEB2_GND: i_scope/genblk1[1].i_dfilt1_ch/kk_mult_reg: When DSP48E1 attribute BREG is set to 0, the CEB1 and CEB2 pins should be tied to GND to save power.
INFO: [Vivado 12-3199] DRC finished with 0 Errors, 47 Warnings, 2 Advisories
INFO: [Vivado 12-3200] Please refer to the DRC report (report_drc) for more information.
INFO: [Designutils 20-2272] Running write_bitstream with 2 threads.
Loading data files...
Loading site data...
Loading route data...
Processing options...
Creating bitmap...
Creating bitstream...
Writing bitstream ./red_pitaya_top.bit...
INFO: [Vivado 12-1842] Bitgen Completed Successfully.
INFO: [Project 1-120] WebTalk data collection is mandatory when using a WebPACK part without a full Vivado license. To see the specific WebTalk data collected for your design, open the usage_statistics_webtalk.html or usage_statistics_webtalk.xml file in the implementation directory.
INFO: [Common 17-83] Releasing license: Implementation
1135 Infos, 107 Warnings, 53 Critical Warnings and 0 Errors encountered.
write_bitstream completed successfully
write_bitstream: Time (s): cpu = 00:00:33 ; elapsed = 00:00:27 . Memory (MB): peak = 2291.332 ; gain = 263.023
INFO: [Common 17-206] Exiting Vivado at Wed Jul 15 14:55:55 2026...
